id,uniqueid,tenant,clid,src,dst,calldate,duration,userfield
1,1543604329.265,NULL,1142,1142,6112,"2018-11-30 13:58:50",16,
2,1543604347.266,NULL,1142,1142,6112,"2018-11-30 13:59:08",21,
3,1543604374.270,NULL,1142,1142,6112,"2018-11-30 13:59:36",33,
4,1543608561.596,NULL,19727673897,19727673897,6114,"2018-11-30 15:09:22",NULL,T
5,1543609379.622,NULL,19725430282,19725430282,6114,"2018-11-30 15:23:00",NULL,T
6,1543655914.64,NULL,1109,1109,6112,"2018-12-01 04:18:35",NULL,T
7,1543658489.124,NULL,3320,3320,6112,"2018-12-01 05:01:30",16,
8,1543665714.487,NULL,1113,1113,6112,"2018-12-01 07:01:55",NULL,T
9,1543665718.489,NULL,3318,3318,6112,"2018-12-01 07:01:59",8023,
10,1543665718.488,NULL,3330,3330,6112,"2018-12-01 07:01:59",8030,
11,1543665720.490,NULL,3324,3324,6112,"2018-12-01 07:02:01",NULL,T
12,1543665724.491,NULL,3321,3321,6112,"2018-12-01 07:02:05",7993,
13,1543665724.491,NULL,3323,3323,6112,"2018-12-01 07:02:16",8077,
14,1543665724.491,NULL,3331,3331,6112,"2018-12-01 07:02:16",7972,
15,1543665724.491,NULL,3320,3320,6112,"2018-12-01 07:02:19",8005,
16,1543665724.491,NULL,3314,3314,6112,"2018-12-01 07:02:21",8026,
17,1543665724.491,NULL,3324,3324,6112,"2018-12-01 07:02:24",7972,
18,1543665724.491,NULL,3325,3325,6112,"2018-12-01 07:02:30",7991,
19,1543665724.491,NULL,1113,1113,6112,"2018-12-01 07:03:13",5345,
20,1543665724.491,NULL,2210,2210,6112,"2018-12-01 07:03:34",7889,
21,1543665724.491,NULL,2215,2215,6112,"2018-12-01 07:03:38",7889,
22,1543665724.491,NULL,2211,2211,6112,"2018-12-01 07:03:55",7879,
23,1543665724.491,NULL,1106,1106,6112,"2018-12-01 07:04:45",NULL,T
24,1543665724.491,NULL,1106,1106,6112,"2018-12-01 07:05:38",7772,
25,1543665724.491,NULL,12485261900,12485261900,6112,"2018-12-01 07:09:57",7513,
26,1543665724.491,NULL,1113,1113,6112,"2018-12-01 08:32:44",2590,
27,1543665724.491,NULL,3318,3318,6112,"2018-12-01 09:16:29",32,
28,1543857088.2586,NULL,12482339443,12482339443,6114,"2018-12-03 12:11:30",NULL,T
29,1543935620.1175,NULL,1113,1113,6112,"2018-12-04 10:00:21",1153,
30,1543935621.1176,NULL,5004,5004,6112,"2018-12-04 10:00:23",63,
31,1543935629.1178,NULL,2218,2218,6112,"2018-12-04 10:00:30",1150,
32,1543935629.1178,NULL,2217,2217,6112,"2018-12-04 10:01:05",1118,
33,1543935629.1178,NULL,2216,2216,6112,"2018-12-04 10:01:25",1113,
34,1543935629.1178,NULL,2210,2210,6112,"2018-12-04 10:01:47",1072,
35,1543935629.1178,NULL,5004,5004,6112,"2018-12-04 10:03:44",952,
36,1543948499.3196,NULL,12482339443,12482339443,6114,"2018-12-04 13:35:00",NULL,T
37,1543957884.4117,NULL,12482339443,12482339443,6114,"2018-12-04 16:11:25",NULL,T
38,1544037063.7243,NULL,5001,5001,6114,"2018-12-05 14:11:04",NULL,T
39,1544037062.7225,NULL,6114,5001,6114,"2018-12-05 14:11:18",NULL,T
40,1544037062.7223,NULL,1101,5001,6114,"2018-12-05 14:11:24",NULL,T
41,1544101073.8788,NULL,1142,1142,6112,"2018-12-06 07:58:01",31,
42,1544117991.10605,NULL,12486005564,12486005564,6114,"2018-12-06 12:39:52",NULL,T
43,1544128490.11589,NULL,19205686580,19205686580,6114,"2018-12-06 15:34:51",NULL,T
44,1544202934.973,NULL,15404281716,15404281716,6114,"2018-12-07 12:15:35",NULL,T
45,1544203121.985,NULL,15404281716,15404281716,6114,"2018-12-07 12:18:42",NULL,T
46,1544210989.1728,NULL,3301,3301,6112,"2018-12-07 14:29:51",3079,
47,1544210989.1728,NULL,5004,5004,6112,"2018-12-07 14:30:53",3016,
48,1544210989.1728,NULL,14044747336,14044747336,6112,"2018-12-07 14:31:35",2990,
49,1544210989.1728,NULL,14044294029,14044294029,6112,"2018-12-07 14:32:02",2950,
50,1544270309.2192,NULL,2211,2211,6112,"2018-12-08 06:58:30",362,
51,1544453118.524,NULL,19472222486,19472222486,6114,"2018-12-10 09:45:20",NULL,T
52,1544457568.1306,NULL,5004,5004,6112,"2018-12-10 10:59:29",3326,
53,1544457568.1306,NULL,16786664365,16786664365,6112,"2018-12-10 11:00:15",2726,
54,1544457568.1306,NULL,16785841147,16785841147,6112,"2018-12-10 11:01:46",1951,
55,1544457568.1306,NULL,16479694769,16479694769,6112,"2018-12-10 11:04:36",2993,
56,1544457568.1306,NULL,16786664372,16786664372,6112,"2018-12-10 11:11:00",2611,
57,1544459018.1527,NULL,18327170004,18327170004,6114,"2018-12-10 11:23:40",NULL,T
58,1544459493.1621,NULL,18327170004,18327170004,6114,"2018-12-10 11:31:35",NULL,T
59,1544460599.1811,NULL,12483081792,12483081792,6114,"2018-12-10 11:50:00",NULL,T
60,1544462610.1958,NULL,18327170004,18327170004,6114,"2018-12-10 12:23:31",NULL,T
61,1544462851.1974,NULL,18327170004,18327170004,6114,"2018-12-10 12:27:33",NULL,T
62,1544463436.2015,NULL,18327173376,18327173376,6114,"2018-12-10 12:37:17",NULL,T
63,1544463457.2016,NULL,18327173376,18327173376,6114,"2018-12-10 12:37:38",NULL,T
64,1544465548.2354,NULL,13034418000,13034418000,6114,"2018-12-10 13:12:29",NULL,T
65,1544542409.4332,NULL,12483081792,12483081792,6114,"2018-12-11 10:33:30",NULL,T
66,1544629134.7208,NULL,12483081792,12483081792,6114,"2018-12-12 10:38:55",NULL,T
67,1544721295.12297,NULL,+1248736889,+1248736889,6114,"2018-12-13 12:14:56",NULL,T
68,1544724079.12747,NULL,12483081792,12483081792,6114,"2018-12-13 13:01:20",NULL,T
69,1544730521.13471,NULL,18136423824,18136423824,6114,"2018-12-13 14:48:43",NULL,T
70,1544794793.14315,NULL,3314,3314,6112,"2018-12-14 08:39:54",71,
71,1544803976.14934,NULL,1113,1113,6112,"2018-12-14 11:12:58",83,
72,1544805034.15020,NULL,5004,5004,6112,"2018-12-14 11:30:36",206,
73,1544805244.15035,NULL,5004,5004,6112,"2018-12-14 11:34:06",2110,
74,1544805244.15035,NULL,13096488607,13096488607,6112,"2018-12-14 11:39:11",1820,
75,1544875117.16669,NULL,2211,2211,6112,"2018-12-15 06:58:38",799,
76,1544875117.16669,NULL,2215,2215,6112,"2018-12-15 07:00:13",609,
77,1544875117.16669,NULL,2210,2210,6112,"2018-12-15 07:04:44",983,
78,1544875117.16669,NULL,2218,2218,6112,"2018-12-15 07:05:21",944,
79,1544875117.16669,NULL,2215,2215,6112,"2018-12-15 07:10:28",648,
80,1545047882.17034,NULL,2215,2215,6112,"2018-12-17 06:58:03",6581,
81,1545047882.17034,NULL,3331,3331,6112,"2018-12-17 06:58:15",6571,
82,1545047882.17034,NULL,1113,1113,6112,"2018-12-17 06:58:36",6545,
83,1545047882.17034,NULL,2218,2218,6112,"2018-12-17 06:58:47",6537,
84,1545047882.17034,NULL,2210,2210,6112,"2018-12-17 08:17:14",1908,
85,1545076163.19803,NULL,12489681190,12489681190,6114,"2018-12-17 14:49:25",NULL,T
86,1545078840.20003,NULL,12487338049,12487338049,6114,"2018-12-17 15:34:01",NULL,T
87,1545093798.20927,NULL,12142108569,12142108569,6114,"2018-12-17 19:43:19",NULL,T
88,1545093798.20926,NULL,12142108569,12142108569,6114,"2018-12-17 19:43:20",NULL,T
89,1545121798.20950,NULL,2215,2215,6112,"2018-12-18 03:30:00",3793,
90,1545121800.20951,NULL,2218,2218,6112,"2018-12-18 03:30:01",1992,
91,1545121800.20951,NULL,1113,1113,6112,"2018-12-18 03:40:55",3138,
92,1545121800.20951,NULL,3331,3331,6112,"2018-12-18 03:41:26",NULL,T
93,1545121800.20951,NULL,3331,3331,6112,"2018-12-18 03:42:27",3045,
94,1545121800.20951,NULL,2218,2218,6112,"2018-12-18 04:03:27",NULL,T
95,1545121800.20951,NULL,2218,2218,6112,"2018-12-18 04:03:49",1775,
96,1545128028.20997,NULL,1113,1113,6112,"2018-12-18 05:13:50",1669,
97,1545128028.20997,NULL,2218,2218,6112,"2018-12-18 05:16:18",1462,
98,1545128028.20997,NULL,2215,2215,6112,"2018-12-18 05:16:18",NULL,T
99,1545128028.20997,NULL,3331,3331,6112,"2018-12-18 05:16:51",1585,
100,1545128028.20997,NULL,2215,2215,6112,"2018-12-18 05:32:42",474,
101,1545128028.20997,NULL,2215,2215,6112,"2018-12-18 05:40:48",87,
102,1545128028.20997,NULL,2218,2218,6112,"2018-12-18 05:40:53",153,
103,1545128028.20997,NULL,1113,1113,6112,"2018-12-18 05:41:46",25,
104,1545129852.21023,NULL,1113,1113,6112,"2018-12-18 05:44:13",323,
105,1545129855.21024,NULL,3331,3331,6112,"2018-12-18 05:44:16",386,
106,1545129855.21024,NULL,2215,2215,6112,"2018-12-18 05:45:14",480,
107,1545129855.21024,NULL,2218,2218,6112,"2018-12-18 05:45:27",471,
108,1545129855.21024,NULL,1109,1109,6112,"2018-12-18 05:51:05",128,
109,1545129855.21024,NULL,1128,1128,6112,"2018-12-18 05:51:21",112,
110,1545129855.21024,NULL,1130,1130,6112,"2018-12-18 05:51:58",103,
111,1545130416.21046,NULL,3331,3331,6112,"2018-12-18 05:53:36",NULL,T
112,1545131993.21070,NULL,1113,1113,6112,"2018-12-18 06:19:54",374,
113,1545131993.21070,NULL,1130,1130,6112,"2018-12-18 06:20:03",19,
114,1545131993.21070,NULL,1130,1130,6112,"2018-12-18 06:20:51",317,
115,1545131993.21070,NULL,2215,2215,6112,"2018-12-18 06:21:59",252,
116,1545131993.21070,NULL,3331,3331,6112,"2018-12-18 06:22:18",243,
117,1545145302.21595,NULL,18135332819,18135332819,6114,"2018-12-18 10:01:43",NULL,T
118,1545145543.21613,NULL,18135332819,18135332819,6114,"2018-12-18 10:05:44",NULL,T
119,1545146249.21667,NULL,18135332819,18135332819,6114,"2018-12-18 10:17:30",NULL,T
120,1545146490.21689,NULL,18135332819,18135332819,6114,"2018-12-18 10:21:31",NULL,T
121,1545232520.25228,NULL,12482647706,12482647706,6114,"2018-12-19 10:15:22",NULL,T
122,1545250501.27726,NULL,12487338860,12487338860,6114,"2018-12-19 15:15:03",NULL,T
123,1545268506.28228,NULL,Anonymous,Anonymous,6114,"2018-12-19 20:15:07",NULL,T
124,1545268507.28229,NULL,18642864559,18642864559,6114,"2018-12-19 20:15:08",NULL,T
125,1545653417.33971,NULL,13042857126,13042857126,6114,"2018-12-24 07:10:18",NULL,T
126,1545653773.33976,NULL,13042857126,13042857126,6114,"2018-12-24 07:16:15",NULL,T
127,1545908630.38138,NULL,16789053655,16789053655,6112,"2018-12-27 06:04:13",NULL,T
128,1545914056.38261,NULL,13056743721,13056743721,6114,"2018-12-27 07:34:18",NULL,T
129,1545914651.38288,NULL,13056743721,13056743721,6114,"2018-12-27 07:44:12",NULL,T
130,1545914700.38292,NULL,13056743721,13056743721,6114,"2018-12-27 07:45:02",NULL,T
131,1545924784.38676,NULL,12482647706,12482647706,6114,"2018-12-27 10:33:05",NULL,T
132,1545933607.39401,NULL,15123557475,15123557475,6112,"2018-12-27 13:00:14",NULL,T
133,1545933901.39478,NULL,12482976293,12482976293,6114,"2018-12-27 13:05:03",NULL,T
134,1546017384.40775,NULL,12484066144,12484066144,6114,"2018-12-28 12:16:26",NULL,T
135,1546442418.44032,NULL,18007874196,18007874196,6114,"2019-01-02 10:20:19",NULL,T
136,1546442842.44101,NULL,17325977462,17325977462,6112,"2019-01-02 10:27:39",NULL,T
137,1546446944.44535,NULL,12482647706,12482647706,6114,"2019-01-02 11:35:45",NULL,T
138,1546454607.45021,NULL,17132648234,17132648234,6114,"2019-01-02 13:43:27",NULL,T
139,1546454606.45020,NULL,17132648234,17132648234,6114,"2019-01-02 13:43:28",NULL,T
140,1546543758.48756,NULL,12484066144,12484066144,6114,"2019-01-03 14:29:20",NULL,T
141,1546901314.55944,NULL,Anonymous,Anonymous,6114,"2019-01-07 17:48:36",NULL,T
142,1546978944.60647,NULL,15864089131,15864089131,6114,"2019-01-08 15:22:25",NULL,T
143,1546978971.60648,NULL,15864089131,15864089131,6114,"2019-01-08 15:22:52",NULL,T
144,1547049529.62061,NULL,5004,5004,6112,"2019-01-09 10:58:50",1300,
145,1547049531.62070,NULL,1113,1113,6112,"2019-01-09 10:58:52",NULL,T
146,1547049535.62076,NULL,1113,1113,6112,"2019-01-09 10:58:56",1294,
147,1547049535.62076,NULL,19132573377,19132573377,6112,"2019-01-09 11:00:47",1183,
148,1547049535.62076,NULL,19132573377,19132573377,6112,"2019-01-09 11:01:05",1179,
149,1547244031.69804,NULL,12487336919,12487336919,6114,"2019-01-11 17:00:32",NULL,T
150,1547294335.69910,NULL,1113,1113,6112,"2019-01-12 06:58:57",10677,
151,1547294335.69910,NULL,3318,3318,6112,"2019-01-12 06:59:23",32,
152,1547294335.69910,NULL,3320,3320,6112,"2019-01-12 06:59:33",10643,
153,1547294335.69910,NULL,3330,3330,6112,"2019-01-12 06:59:55",10663,
154,1547294335.69910,NULL,3318,3318,6112,"2019-01-12 07:00:03",10611,
155,1547294335.69910,NULL,3314,3314,6112,"2019-01-12 07:00:24",10593,
156,1547294335.69910,NULL,3321,3321,6112,"2019-01-12 07:01:20",10537,
157,1547294335.69910,NULL,3327,3327,6112,"2019-01-12 07:01:23",NULL,T
158,1547294335.69910,NULL,3331,3331,6112,"2019-01-12 07:01:32",10526,
159,1547294335.69910,NULL,3327,3327,6112,"2019-01-12 07:01:39",10517,
160,1547294335.69910,NULL,3325,3325,6112,"2019-01-12 07:02:40",10454,
161,1547294335.69910,NULL,3323,3323,6112,"2019-01-12 07:03:04",10494,
162,1547294335.69910,NULL,2215,2215,6112,"2019-01-12 07:03:20",42,
163,1547294335.69910,NULL,2218,2218,6112,"2019-01-12 07:03:22",42,
164,1547294335.69910,NULL,2218,2218,6112,"2019-01-12 07:04:21",10357,
165,1547294335.69910,NULL,2215,2215,6112,"2019-01-12 07:04:21",10356,
166,1547294335.69910,NULL,2211,2211,6112,"2019-01-12 07:05:20",10295,
167,1547294335.69910,NULL,5001,5001,6112,"2019-01-12 07:39:09",NULL,T
168,1547294335.69910,NULL,5002,5002,6112,"2019-01-12 07:39:44",31,
169,1547294335.69910,NULL,12483729999,12483729999,6112,"2019-01-12 07:40:34",8174,
170,1547294335.69910,NULL,1142,1142,6112,"2019-01-12 07:47:28",290,
171,1547294335.69910,NULL,1142,1142,6112,"2019-01-12 08:06:49",699,
172,1547294335.69910,NULL,1142,1142,6112,"2019-01-12 08:25:19",130,
173,1547567845.75815,NULL,12487338043,12487338043,6114,"2019-01-15 10:57:26",NULL,T
174,1547671295.80563,NULL,3301,3301,6112,"2019-01-16 15:41:37",14462,
175,1547750244.83818,NULL,12483738885,12483738885,6114,"2019-01-17 13:37:26",NULL,T
176,1547827898.87091,NULL,19014149090,19014149090,6112,"2019-01-18 11:12:29",NULL,T
177,1547848174.88745,NULL,12104460714,12104460714,6114,"2019-01-18 16:49:34",NULL,T
178,1547848174.88744,NULL,12104460714,12104460714,6114,"2019-01-18 16:49:35",NULL,T
179,1548009931.88995,NULL,12672335241,12672335241,6114,"2019-01-20 13:45:31",NULL,T
180,1548009931.88994,NULL,12672335241,12672335241,6114,"2019-01-20 13:45:32",NULL,T
181,1548080406.89771,NULL,17323335933,17323335933,6112,"2019-01-21 09:20:16",NULL,T
182,1548083813.90125,NULL,12483438836,12483438836,6114,"2019-01-21 10:16:54",NULL,T
183,1548100206.91781,NULL,15864089131,15864089131,6114,"2019-01-21 14:50:08",NULL,T
184,1548100227.91782,NULL,15864089131,15864089131,6114,"2019-01-21 14:50:29",NULL,T
185,1548171136.93384,NULL,2215,2215,6112,"2019-01-22 10:32:18",1749,
186,1548171154.93387,NULL,2218,2218,6112,"2019-01-22 10:32:36",1686,
187,1548171154.93387,NULL,2210,2210,6112,"2019-01-22 10:32:49",1674,
188,1548171154.93387,NULL,5004,5004,6112,"2019-01-22 10:32:56",1666,
189,1548171154.93387,NULL,5003,5003,6112,"2019-01-22 10:33:53",1612,
190,1548178025.94071,NULL,12487339698,12487339698,6114,"2019-01-22 12:27:06",NULL,T
191,1548244560.95849,NULL,3319,3319,6112,"2019-01-23 06:56:01",114,
192,1548244560.95849,NULL,3324,3324,6112,"2019-01-23 06:56:29",64,
193,1548244560.95849,NULL,3324,3324,6112,"2019-01-23 06:57:39",333,
194,1548244560.95849,NULL,3331,3331,6112,"2019-01-23 06:58:06",25,
195,1548423649.103618,NULL,3321,3321,6112,"2019-01-25 08:40:50",40,
196,1548423650.103619,NULL,3314,3314,6112,"2019-01-25 08:40:51",46,
197,1548423650.103619,NULL,3318,3318,6112,"2019-01-25 08:41:12",53,
198,1548503356.106488,NULL,3324,3324,6112,"2019-01-26 06:49:17",10658,
199,1548503356.106488,NULL,3318,3318,6112,"2019-01-26 06:54:55",10444,
200,1548503356.106488,NULL,3325,3325,6112,"2019-01-26 06:55:14",10350,
201,1548503356.106488,NULL,1113,1113,6112,"2019-01-26 06:56:28",31,
202,1548503356.106488,NULL,3314,3314,6112,"2019-01-26 06:56:32",10292,
203,1548503356.106488,NULL,3321,3321,6112,"2019-01-26 06:56:33",10280,
204,1548503356.106488,NULL,3330,3330,6112,"2019-01-26 06:56:36",10318,
205,1548503356.106488,NULL,3320,3320,6112,"2019-01-26 06:56:40",10324,
206,1548503356.106488,NULL,3323,3323,6112,"2019-01-26 06:56:45",10323,
207,1548503356.106488,NULL,3319,3319,6112,"2019-01-26 06:57:17",NULL,T
208,1548503356.106488,NULL,2211,2211,6112,"2019-01-26 07:00:18",10002,
209,1548503356.106488,NULL,2218,2218,6112,"2019-01-26 07:00:24",9986,
210,1548503356.106488,NULL,1106,1106,6112,"2019-01-26 07:00:52",9965,
211,1548503356.106488,NULL,2220,2220,6112,"2019-01-26 07:00:53",448,
212,1548503356.106488,NULL,2219,2219,6112,"2019-01-26 07:01:04",9947,
213,1548503356.106488,NULL,3327,3327,6112,"2019-01-26 07:01:34",9984,
214,1548503356.106488,NULL,2214,2214,6112,"2019-01-26 07:02:11",370,
215,1548503356.106488,NULL,2210,2210,6112,"2019-01-26 07:03:10",9816,
216,1548503356.106488,NULL,1113,1113,6112,"2019-01-26 07:03:38",9851,
217,1548503356.106488,NULL,2215,2215,6112,"2019-01-26 07:04:13",94,
218,1548503356.106488,NULL,2215,2215,6112,"2019-01-26 07:06:22",9627,
219,1548503356.106488,NULL,2220,2220,6112,"2019-01-26 07:08:33",9497,
220,1548503356.106488,NULL,2214,2214,6112,"2019-01-26 07:08:55",9476,
221,1548503356.106488,NULL,3302,3302,6112,"2019-01-26 07:16:42",NULL,T
222,1548503356.106488,NULL,3302,3302,6112,"2019-01-26 07:16:49",22,
223,1548503356.106488,NULL,3321,3321,6112,"2019-01-26 07:17:12",8980,
224,1548503356.106488,NULL,12485261900,12485261900,6112,"2019-01-26 07:17:13",8980,
225,1548503356.106488,NULL,3302,3302,6112,"2019-01-26 07:17:16",8980,
226,1548773751.110689,NULL,3326,3326,6112,"2019-01-29 09:55:53",3162,
227,1548773751.110689,NULL,3319,3319,6112,"2019-01-29 09:56:38",3097,
228,1548773751.110689,NULL,3302,3302,6112,"2019-01-29 09:56:39",3086,
229,1548773751.110689,NULL,1113,1113,6112,"2019-01-29 09:57:45",NULL,T
230,1548773751.110689,NULL,1113,1113,6112,"2019-01-29 09:57:52",3012,
231,1548777047.111147,NULL,19475221682,19475221682,6114,"2019-01-29 10:50:48",NULL,T
232,1548777061.111148,NULL,19475221682,19475221682,6114,"2019-01-29 10:51:03",NULL,T
233,1548778926.111564,NULL,12489539029,12489539029,6114,"2019-01-29 11:22:08",NULL,T
234,1548782031.112033,NULL,12486174900,12486174900,6114,"2019-01-29 12:13:52",NULL,T
235,1548872096.115713,NULL,18437771711,18437771711,6114,"2019-01-30 13:14:57",NULL,T
236,1548883171.116190,NULL,19472046634,19472046634,6114,"2019-01-30 16:19:32",NULL,T
237,1549002253.120284,NULL,12395588464,12395588464,6114,"2019-02-01 01:24:14",NULL,T
238,1549002609.120285,NULL,12395588464,12395588464,6114,"2019-02-01 01:30:11",NULL,T
239,1549032978.121170,NULL,3319,3319,6112,"2019-02-01 09:56:20",NULL,T
240,1549032993.121171,NULL,3319,3319,6112,"2019-02-01 09:56:35",26,
241,1549033028.121180,NULL,3319,3319,6112,"2019-02-01 09:57:09",14,
242,1549033044.121184,NULL,3319,3319,6112,"2019-02-01 09:57:26",3097,
243,1549037404.121602,NULL,2210,2210,6112,"2019-02-01 11:10:05",4054,
244,1549037404.121602,NULL,3319,3319,6112,"2019-02-01 11:10:27",4222,
245,1549037404.121602,NULL,5004,5004,6112,"2019-02-01 11:10:56",4191,
246,1549037404.121602,NULL,3302,3302,6112,"2019-02-01 11:11:11",4175,
247,1549037404.121602,NULL,1113,1113,6112,"2019-02-01 11:11:48",4137,
248,1549037404.121602,NULL,2214,2214,6112,"2019-02-01 11:12:00",3939,
249,1549037404.121602,NULL,2220,2220,6112,"2019-02-01 11:12:02",23,
250,1549037404.121602,NULL,2219,2219,6112,"2019-02-01 11:12:03",3936,
251,1549037404.121602,NULL,2220,2220,6112,"2019-02-01 11:12:45",3894,
252,1549037404.121602,NULL,7009,7009,6112,"2019-02-01 11:14:42",4024,
253,1549037404.121602,NULL,2218,2218,6112,"2019-02-01 11:26:21",3078,
254,1549037404.121602,NULL,2210,2210,6112,"2019-02-01 12:18:34",132,
255,1549037404.121602,NULL,2220,2220,6112,"2019-02-01 12:18:54",118,
256,1549037404.121602,NULL,2219,2219,6112,"2019-02-01 12:18:55",114,
257,1549037404.121602,NULL,2214,2214,6112,"2019-02-01 12:19:02",110,
258,1549037404.121602,NULL,2218,2218,6112,"2019-02-01 12:19:02",107,
259,1549289542.532,NULL,unknown,unknown,6114,"2019-02-04 09:12:24",NULL,T
260,1549294899.1362,NULL,unknown,unknown,6114,"2019-02-04 10:41:40",NULL,T
261,1549299186.1960,NULL,unknown,unknown,6114,"2019-02-04 11:53:07",NULL,T
262,1549300056.2019,NULL,unknown,unknown,6114,"2019-02-04 12:07:37",NULL,T
263,1549307813.2626,NULL,+112487338751,+112487338751,6114,"2019-02-04 14:16:54",NULL,T
264,1549309458.2664,NULL,12022800781,12022800781,6114,"2019-02-04 14:44:20",NULL,T
265,1549313919.2889,NULL,14245020159,14245020159,6114,"2019-02-04 15:58:40",NULL,T
266,1549383172.5048,NULL,12489757917,12489757917,6114,"2019-02-05 11:12:53",NULL,T
267,1549385046.5366,NULL,+13268491207,+13268491207,6114,"2019-02-05 11:44:07",NULL,T
268,1549388211.5729,NULL,17546321054,17546321054,6114,"2019-02-05 12:36:52",NULL,T
269,1549389122.5844,NULL,17546321054,17546321054,6114,"2019-02-05 12:52:03",NULL,T
270,1549395011.6476,NULL,18649979777,18649979777,6114,"2019-02-05 14:30:12",NULL,T
271,1549395576.6520,NULL,13652013879,13652013879,6114,"2019-02-05 14:39:38",NULL,T
272,1549397212.6597,NULL,13362078946,13362078946,6114,"2019-02-05 15:06:53",NULL,T
273,1549399363.6781,NULL,13362078946,13362078946,6114,"2019-02-05 15:42:44",NULL,T
274,1549400270.6851,NULL,13362078946,13362078946,6114,"2019-02-05 15:57:52",NULL,T
275,1549402615.6926,NULL,19195631833,19195631833,6114,"2019-02-05 16:36:56",NULL,T
276,1549402893.6928,NULL,13362078946,13362078946,6114,"2019-02-05 16:41:35",NULL,T
277,1549403075.6929,NULL,19195631833,19195631833,6114,"2019-02-05 16:44:36",NULL,T
278,1549403434.6957,NULL,13362078946,13362078946,6114,"2019-02-05 16:50:35",NULL,T
279,1549464515.7811,NULL,+13465685463,+13465685463,6114,"2019-02-06 09:48:37",NULL,T
280,1549464975.7864,NULL,3314,3314,6112,"2019-02-06 09:56:17",1557,
281,1549464975.7864,NULL,3319,3319,6112,"2019-02-06 09:56:48",1528,
282,1549464975.7864,NULL,3302,3302,6112,"2019-02-06 09:56:57",1530,
283,1549464975.7864,NULL,1113,1113,6112,"2019-02-06 09:57:00",1512,
284,1549464975.7864,NULL,5004,5004,6112,"2019-02-06 10:05:50",727,
285,1549467237.8137,NULL,1113,1113,6112,"2019-02-06 10:33:59",1211,
286,1549467239.8138,NULL,3314,3314,6112,"2019-02-06 10:34:00",1211,
287,1549467239.8138,NULL,3319,3319,6112,"2019-02-06 10:34:16",1214,
288,1549467239.8138,NULL,3302,3302,6112,"2019-02-06 10:34:46",1163,
289,1549474478.8852,NULL,+13465685463,+13465685463,6114,"2019-02-06 12:34:39",NULL,T
290,1549477163.8999,NULL,12485099039,12485099039,6114,"2019-02-06 13:19:25",NULL,T
291,1549482004.9551,NULL,+13465685463,+13465685463,6114,"2019-02-06 14:40:05",NULL,T
292,1549485560.9967,NULL,+13465685463,+13465685463,6114,"2019-02-06 15:39:21",NULL,T
293,1549487298.10060,NULL,+1248736743,+1248736743,6114,"2019-02-06 16:08:19",NULL,T
294,1549487763.10069,NULL,18651349857,18651349857,6114,"2019-02-06 16:16:05",NULL,T
295,1549546700.10727,NULL,16474521369,16474521369,6114,"2019-02-07 08:38:22",NULL,T
296,1549548675.10791,NULL,16474521369,16474521369,6114,"2019-02-07 09:11:16",NULL,T
297,1549550215.10852,NULL,+15694123764,+15694123764,6114,"2019-02-07 09:36:57",NULL,T
298,1549552411.11062,NULL,+16424587524,+16424587524,6114,"2019-02-07 10:13:33",NULL,T
299,1549554530.11274,NULL,+16424587524,+16424587524,6114,"2019-02-07 10:48:51",NULL,T
300,1549556163.11433,NULL,+16424587524,+16424587524,6114,"2019-02-07 11:16:04",NULL,T
301,1549560043.11825,NULL,18174580156,18174580156,6114,"2019-02-07 12:20:44",NULL,T
302,1549564013.12021,NULL,18174580156,18174580156,6114,"2019-02-07 13:26:54",NULL,T
303,1549566053.12102,NULL,14046330168,14046330168,6114,"2019-02-07 14:00:54",NULL,T
304,1549566456.12143,NULL,14046330168,14046330168,6114,"2019-02-07 14:07:37",NULL,T
305,1549570753.12409,NULL,12489757735,12489757735,6114,"2019-02-07 15:19:14",NULL,T
306,1549573366.12518,NULL,12183802142,12183802142,6114,"2019-02-07 16:02:47",NULL,T
307,1549574952.12548,NULL,+80024589752,+80024589752,6114,"2019-02-07 16:29:13",NULL,T
308,1549578438.12625,NULL,+1248733372,+1248733372,6114,"2019-02-07 17:27:19",NULL,T
309,1549640625.14921,NULL,19725918453,19725918453,6114,"2019-02-08 10:43:46",NULL,T
310,1549647834.16471,NULL,16782613366,16782613366,6114,"2019-02-08 12:43:55",NULL,T
311,1549649034.16648,NULL,16208429167,16208429167,6114,"2019-02-08 13:03:55",NULL,T
312,1549657637.17789,NULL,16208429167,16208429167,6114,"2019-02-08 15:27:18",NULL,T
313,1549661329.18652,NULL,16208429167,16208429167,6114,"2019-02-08 16:28:51",NULL,T
314,1549664869.19037,NULL,12487108601,12487108601,6114,"2019-02-08 17:27:51",NULL,T
315,1549711690.19287,NULL,3324,3324,6112,"2019-02-09 06:28:11",1122,
316,1549711690.19287,NULL,3318,3318,6112,"2019-02-09 06:36:51",599,
317,1549711690.19287,NULL,3320,3320,6112,"2019-02-09 06:44:35",138,
318,1549711690.19287,NULL,3319,3319,6112,"2019-02-09 06:44:49",124,
319,1549711690.19287,NULL,3314,3314,6112,"2019-02-09 06:45:12",8187,
320,1549711690.19287,NULL,1113,1113,6112,"2019-02-09 06:46:34",NULL,T
321,1549711690.19287,NULL,3319,3319,6112,"2019-02-09 06:46:51",NULL,T
322,1549711690.19287,NULL,3321,3321,6112,"2019-02-09 06:46:57",164,
323,1549711690.19287,NULL,3320,3320,6112,"2019-02-09 06:47:05",289,
324,1549711690.19287,NULL,3318,3318,6112,"2019-02-09 06:47:10",97,
325,1549711690.19287,NULL,3319,3319,6112,"2019-02-09 06:47:35",17,
326,1549711690.19287,NULL,1113,1113,6112,"2019-02-09 06:47:50",NULL,T
327,1549711690.19287,NULL,3319,3319,6112,"2019-02-09 06:48:55",47,
328,1549711690.19287,NULL,3318,3318,6112,"2019-02-09 06:49:14",NULL,T
329,1549711690.19287,NULL,3318,3318,6112,"2019-02-09 06:49:21",279,
330,1549711690.19287,NULL,3327,3327,6112,"2019-02-09 06:49:26",274,
331,1549711690.19287,NULL,3324,3324,6112,"2019-02-09 06:49:32",268,
332,1549711690.19287,NULL,3331,3331,6112,"2019-02-09 06:49:50",7909,
333,1549711690.19287,NULL,3319,3319,6112,"2019-02-09 06:49:51",249,
334,1549711690.19287,NULL,2215,2215,6112,"2019-02-09 06:50:03",371,
335,1549711690.19287,NULL,3325,3325,6112,"2019-02-09 06:50:21",219,
336,1549711690.19287,NULL,3320,3320,6112,"2019-02-09 06:50:53",187,
337,1549711690.19287,NULL,3321,3321,6112,"2019-02-09 06:51:57",123,
338,1549711690.19287,NULL,2218,2218,6112,"2019-02-09 06:52:23",7671,
339,1549711690.19287,NULL,1113,1113,6112,"2019-02-09 06:52:45",75,
340,1549711690.19287,NULL,1113,1113,6112,"2019-02-09 06:53:25",1403,
341,1549711690.19287,NULL,3321,3321,6112,"2019-02-09 06:53:54",74,
342,1549711690.19287,NULL,3327,3327,6112,"2019-02-09 06:53:56",8421,
343,1549711690.19287,NULL,3320,3320,6112,"2019-02-09 06:54:13",8630,
344,1549711690.19287,NULL,3318,3318,6112,"2019-02-09 06:54:17",8549,
345,1549711690.19287,NULL,3319,3319,6112,"2019-02-09 06:54:30",13,
346,1549711690.19287,NULL,3321,3321,6112,"2019-02-09 06:54:48",78,
347,1549711690.19287,NULL,3302,3302,6112,"2019-02-09 06:54:54",NULL,T
348,1549711690.19287,NULL,3319,3319,6112,"2019-02-09 06:54:55",38,
349,1549711690.19287,NULL,1106,1106,6112,"2019-02-09 06:54:56",7530,
350,1549711690.19287,NULL,3302,3302,6112,"2019-02-09 06:55:30",8597,
351,1549711690.19287,NULL,3319,3319,6112,"2019-02-09 06:55:37",7612,
352,1549711690.19287,NULL,2211,2211,6112,"2019-02-09 06:55:44",7483,
353,1549711690.19287,NULL,3321,3321,6112,"2019-02-09 06:55:56",67,
354,1549711690.19287,NULL,3324,3324,6112,"2019-02-09 06:56:24",22,
355,1549711690.19287,NULL,2215,2215,6112,"2019-02-09 06:56:39",7413,
356,1549711690.19287,NULL,3324,3324,6112,"2019-02-09 06:56:57",8445,
357,1549711690.19287,NULL,3321,3321,6112,"2019-02-09 06:57:13",8332,
358,1549711690.19287,NULL,2210,2210,6112,"2019-02-09 06:57:19",7370,
359,1549711690.19287,NULL,2219,2219,6112,"2019-02-09 06:57:51",7341,
360,1549711690.19287,NULL,3325,3325,6112,"2019-02-09 07:01:14",784,
361,1549711690.19287,NULL,3325,3325,6112,"2019-02-09 07:15:01",NULL,T
362,1549711690.19287,NULL,3325,3325,6112,"2019-02-09 07:15:09",136,
363,1549711690.19287,NULL,3325,3325,6112,"2019-02-09 07:17:56",6261,
364,1549711690.19287,NULL,12485261900,12485261900,6112,"2019-02-09 07:18:21",7092,
365,1549711690.19287,NULL,2210,2210,6112,"2019-02-09 09:00:16",979,
366,1549711690.19287,NULL,2215,2215,6112,"2019-02-09 09:00:19",987,
367,1549711690.19287,NULL,2219,2219,6112,"2019-02-09 09:00:23",972,
368,1549711690.19287,NULL,2218,2218,6112,"2019-02-09 09:00:24",983,
369,1549711690.19287,NULL,1106,1106,6112,"2019-02-09 09:00:30",1039,
370,1549711690.19287,NULL,2211,2211,6112,"2019-02-09 09:00:41",1036,
371,1549711690.19287,NULL,3331,3331,6112,"2019-02-09 09:01:57",741,
372,1549711690.19287,NULL,1113,1113,6112,"2019-02-09 09:15:03",207,
373,1549739485.20022,NULL,+114065593076,+114065593076,6114,"2019-02-09 14:11:26",NULL,T
374,1549820732.20117,NULL,12142108569,12142108569,6114,"2019-02-10 12:45:32",NULL,T
375,1549820732.20116,NULL,12142108569,12142108569,6114,"2019-02-10 12:45:34",NULL,T
376,1549894629.21374,NULL,12488310205,12488310205,6114,"2019-02-11 09:17:10",NULL,T
377,1549982284.27989,NULL,12487508936,12487508936,6114,"2019-02-12 09:38:06",NULL,T
378,1549987886.28820,NULL,16782615816,16782615816,6114,"2019-02-12 11:11:28",NULL,T
379,1549993305.29468,NULL,12489757917,12489757917,6114,"2019-02-12 12:41:46",NULL,T
380,1550005873.30107,NULL,12142109505,12142109505,6114,"2019-02-12 16:11:14",NULL,T
381,1550076203.32095,NULL,12487108604,12487108604,6114,"2019-02-13 11:43:24",NULL,T
382,1550162305.35416,NULL,+1248731265,+1248731265,6114,"2019-02-14 11:38:26",NULL,T
383,1550163511.35546,NULL,17166234947,17166234947,6114,"2019-02-14 11:58:32",NULL,T
384,1550164422.35638,NULL,15122776051,15122776051,6114,"2019-02-14 12:13:44",NULL,T
385,1550169817.36237,NULL,12482897827,12482897827,6114,"2019-02-14 13:43:38",NULL,T
386,1550171287.36367,NULL,17166234947,17166234947,6114,"2019-02-14 14:08:08",NULL,T
387,1550263833.43582,NULL,12488007328,12488007328,6114,"2019-02-15 15:50:34",NULL,T
388,1550318319.44142,NULL,1106,1106,6112,"2019-02-16 06:58:41",254,
389,1550318330.44143,NULL,2211,2211,6112,"2019-02-16 06:58:51",521,
390,1550318330.44143,NULL,1106,1106,6112,"2019-02-16 07:03:01",NULL,T
391,1550318330.44143,NULL,1106,1106,6112,"2019-02-16 07:03:13",234,
392,1550497984.44901,NULL,2211,2211,6112,"2019-02-18 08:53:05",NULL,T
393,1550498006.44902,NULL,2211,2211,6112,"2019-02-18 08:53:27",16,
394,1550498028.44903,NULL,2211,2211,6112,"2019-02-18 08:53:49",39,
395,1550503127.45575,NULL,12488007452,12488007452,6114,"2019-02-18 10:18:48",NULL,T
396,1550512755.46666,NULL,12488590520,12488590520,6114,"2019-02-18 12:59:16",NULL,T
397,1550515149.46734,NULL,12488007418,12488007418,6114,"2019-02-18 13:39:11",NULL,T
398,1550515244.46746,NULL,+2488007418,+2488007418,6114,"2019-02-18 13:40:46",NULL,T
399,1550526109.47278,NULL,12488007362,12488007362,6114,"2019-02-18 16:41:51",NULL,T
400,1550528966.47297,NULL,12487335232,12487335232,6114,"2019-02-18 17:29:27",NULL,T
401,1550532372.47329,NULL,14705583378,14705583378,6114,"2019-02-18 18:26:14",NULL,T
402,1550584959.47884,NULL,+16424556333,+16424556333,6114,"2019-02-19 09:02:40",NULL,T
403,1550586445.47947,NULL,12487335895,12487335895,6114,"2019-02-19 09:27:26",NULL,T
404,1550672696.51186,NULL,12488007311,12488007311,6114,"2019-02-20 09:24:57",NULL,T
405,1550695950.54590,NULL,12488007416,12488007416,6114,"2019-02-20 15:52:32",NULL,T
406,1550763842.56539,NULL,18476968623,18476968623,6114,"2019-02-21 10:44:03",NULL,T
407,1550766306.56889,NULL,12488007495,12488007495,6114,"2019-02-21 11:25:07",NULL,T
408,1550767060.57004,NULL,+16524582211,+16524582211,6114,"2019-02-21 11:37:42",NULL,T
409,1550782155.58265,NULL,12487408785,12487408785,6114,"2019-02-21 15:49:16",NULL,T
410,1550783693.58318,NULL,15862504371,15862504371,6114,"2019-02-21 16:14:55",NULL,T
411,1550787686.58465,NULL,12487408785,12487408785,6114,"2019-02-21 17:21:27",NULL,T
412,1550854613.60414,NULL,12488007413,12488007413,6114,"2019-02-22 11:56:54",NULL,T
413,1550865543.60951,NULL,12488007461,12488007461,6114,"2019-02-22 14:59:05",NULL,T
414,1550869894.61100,NULL,14069241488,14069241488,6114,"2019-02-22 16:11:35",NULL,T
415,1550924526.61445,NULL,3324,3324,6112,"2019-02-23 07:22:08",3364,
416,1550924526.61445,NULL,3320,3320,6112,"2019-02-23 07:23:15",2592,
417,1550924526.61445,NULL,1113,1113,6112,"2019-02-23 07:26:03",99,
418,1550924526.61445,NULL,3319,3319,6112,"2019-02-23 07:26:58",1746,
419,1550924526.61445,NULL,1113,1113,6112,"2019-02-23 07:55:31",NULL,T
420,1551107042.62697,NULL,14069241488,14069241488,6114,"2019-02-25 10:04:04",NULL,T
421,1551122415.64138,NULL,18476968623,18476968623,6114,"2019-02-25 14:20:16",NULL,T
422,1551123156.64188,NULL,12487446094,12487446094,6114,"2019-02-25 14:32:37",NULL,T
423,1551130453.64447,NULL,15122776051,15122776051,6114,"2019-02-25 16:34:14",NULL,T
424,1551191900.65392,NULL,12487331788,12487331788,6114,"2019-02-26 09:38:22",NULL,T
425,1551213420.67755,NULL,18002669981,18002669981,6114,"2019-02-26 15:37:01",NULL,T
426,1551214649.67825,NULL,12488310207,12488310207,6114,"2019-02-26 15:57:30",NULL,T
427,1551215517.67931,NULL,17738690897,17738690897,6114,"2019-02-26 16:11:58",NULL,T
428,1551278630.69319,NULL,18633822493,18633822493,6114,"2019-02-27 09:43:51",NULL,T
429,1551279790.69494,NULL,3321,3321,6112,"2019-02-27 10:03:12",NULL,T
430,1551279832.69502,NULL,3321,3321,6112,"2019-02-27 10:03:52",NULL,T
431,1551281187.69735,NULL,2220,2220,6112,"2019-02-27 10:26:29",1470,
432,1551281187.69735,NULL,2221,2221,6112,"2019-02-27 10:26:53",26,
433,1551281187.69735,NULL,2221,2221,6112,"2019-02-27 10:27:28",1414,
434,1551281187.69735,NULL,2219,2219,6112,"2019-02-27 10:28:00",1381,
435,1551281187.69735,NULL,3332,3332,6112,"2019-02-27 10:28:29",1064,
436,1551281187.69735,NULL,2211,2211,6112,"2019-02-27 10:29:07",1306,
437,1551281187.69735,NULL,5004,5004,6112,"2019-02-27 10:29:24",1287,
438,1551281187.69735,NULL,3319,3319,6112,"2019-02-27 10:29:35",998,
439,1551281187.69735,NULL,3326,3326,6112,"2019-02-27 10:29:51",1299,
440,1551281187.69735,NULL,3314,3314,6112,"2019-02-27 10:31:01",912,
441,1551281187.69735,NULL,3331,3331,6112,"2019-02-27 10:31:07",906,
442,1551281187.69735,NULL,3332,3332,6112,"2019-02-27 10:46:17",41,
443,1551281187.69735,NULL,3314,3314,6112,"2019-02-27 10:46:20",193,
444,1551281187.69735,NULL,3326,3326,6112,"2019-02-27 10:46:30",49,
445,1551281187.69735,NULL,3332,3332,6112,"2019-02-27 10:47:04",235,
446,1551281187.69735,NULL,3319,3319,6112,"2019-02-27 10:48:05",175,
447,1551281187.69735,NULL,3314,3314,6112,"2019-02-27 10:49:39",74,
448,1551303876.71776,NULL,12488007405,12488007405,6114,"2019-02-27 16:44:37",NULL,T
449,1551364567.72632,NULL,3331,3331,6112,"2019-02-28 09:36:08",6126,
450,1551364570.72633,NULL,3332,3332,6112,"2019-02-28 09:36:11",141,
451,1551364580.72634,NULL,3319,3319,6112,"2019-02-28 09:36:22",6119,
452,1551364580.72634,NULL,2220,2220,6112,"2019-02-28 09:36:48",42,
453,1551364580.72634,NULL,2211,2211,6112,"2019-02-28 09:36:58",6080,
454,1551364580.72634,NULL,3314,3314,6112,"2019-02-28 09:37:02",6079,
455,1551364580.72634,NULL,3326,3326,6112,"2019-02-28 09:37:07",3173,
456,1551364580.72634,NULL,2220,2220,6112,"2019-02-28 09:37:20",6056,
457,1551364580.72634,NULL,2221,2221,6112,"2019-02-28 09:37:24",6054,
458,1551364580.72634,NULL,5004,5004,6112,"2019-02-28 09:37:53",6021,
459,1551364580.72634,NULL,2219,2219,6112,"2019-02-28 09:38:02",6013,
460,1551364580.72634,NULL,3332,3332,6112,"2019-02-28 09:38:47",6033,
461,1551364580.72634,NULL,1142,1142,6112,"2019-02-28 09:39:49",NULL,T
462,1551364580.72634,NULL,2218,2218,6112,"2019-02-28 10:09:14",4138,
463,1551366800.73043,NULL,12487336292,12487336292,6114,"2019-02-28 10:13:21",NULL,T
464,1551364580.72634,NULL,3326,3326,6112,"2019-02-28 10:30:25",NULL,T
465,1551364580.72634,NULL,3326,3326,6112,"2019-02-28 10:30:48",2846,
466,1551364580.72634,NULL,1142,1142,6112,"2019-02-28 10:48:37",NULL,T
467,1551377694.74272,NULL,12482897850,12482897850,6114,"2019-02-28 13:14:56",NULL,T
468,1551464864.77603,NULL,1141,1141,6112,"2019-03-01 13:27:46",NULL,T
469,1551540097.78566,NULL,15853049754,15853049754,6114,"2019-03-02 10:21:38",NULL,T
470,1551732678.81380,NULL,19562970962,19562970962,6114,"2019-03-04 15:51:19",NULL,T
471,1551792418.82192,NULL,19043457136,19043457136,6114,"2019-03-05 08:27:00",NULL,T
472,1551792778.82240,NULL,19043457136,19043457136,6114,"2019-03-05 08:32:59",NULL,T
473,1551801725.83442,NULL,12488002783,12488002783,6114,"2019-03-05 11:02:06",NULL,T
474,1551832421.84781,NULL,+1248737035,+1248737035,6114,"2019-03-05 19:33:42",NULL,T
475,1551881656.85571,NULL,12487028409,12487028409,6114,"2019-03-06 09:14:17",NULL,T
476,1551897836.87326,NULL,13172681179,13172681179,6114,"2019-03-06 13:43:57",NULL,T
477,1551897836.87327,NULL,13172681179,13172681179,6114,"2019-03-06 13:43:57",NULL,T
478,1551906179.87519,NULL,14805427105,14805427105,6114,"2019-03-06 16:03:00",NULL,T
479,1551910983.87567,NULL,12482784365,12482784365,6114,"2019-03-06 17:23:05",NULL,T
480,1551968795.88706,NULL,12487372542,12487372542,6114,"2019-03-07 09:26:37",NULL,T
481,1551988405.90853,NULL,18007874196,18007874196,6114,"2019-03-07 14:53:26",NULL,T
482,1551991766.90974,NULL,12482434500,12482434500,6114,"2019-03-07 15:49:27",NULL,T
483,1551992396.90991,NULL,+248733056,+248733056,6114,"2019-03-07 15:59:58",NULL,T
484,1552042743.91347,NULL,3326,3326,6112,"2019-03-08 05:59:05",80,
485,1552042743.91347,NULL,3332,3332,6112,"2019-03-08 05:59:33",35,
486,1552042834.91352,NULL,1113,1113,6112,"2019-03-08 06:00:36",2517,
487,1552042834.91352,NULL,3332,3332,6112,"2019-03-08 06:00:48",2504,
488,1552042834.91352,NULL,3326,3326,6112,"2019-03-08 06:00:51",2500,
489,1552042834.91352,NULL,3319,3319,6112,"2019-03-08 06:01:08",2510,
490,1552055579.91627,NULL,12486022903,12486022903,6114,"2019-03-08 09:33:00",NULL,T
491,1552130688.93879,NULL,3330,3330,6112,"2019-03-09 06:24:49",378,
492,1552130688.93879,NULL,3314,3314,6112,"2019-03-09 06:28:57",144,
493,1552134832.93998,NULL,3318,3318,6112,"2019-03-09 07:33:53",9197,
494,1552134834.93999,NULL,3319,3319,6112,"2019-03-09 07:33:56",9182,
495,1552134837.94000,NULL,3326,3326,6112,"2019-03-09 07:33:58",18,
496,1552134838.94001,NULL,3332,3332,6112,"2019-03-09 07:34:00",NULL,T
497,1552134838.94001,NULL,1113,1113,6112,"2019-03-09 07:34:12",24,
498,1552134838.94001,NULL,3326,3326,6112,"2019-03-09 07:34:24",NULL,T
499,1552134838.94001,NULL,3332,3332,6112,"2019-03-09 07:34:28",73,
500,1552134838.94001,NULL,2210,2210,6112,"2019-03-09 07:34:28",2102,
501,1552134838.94001,NULL,3326,3326,6112,"2019-03-09 07:34:39",9138,
502,1552134838.94001,NULL,1113,1113,6112,"2019-03-09 07:34:41",9178,
503,1552134838.94001,NULL,2218,2218,6112,"2019-03-09 07:34:44",9139,
504,1552134838.94001,NULL,3314,3314,6112,"2019-03-09 07:34:45",9143,
505,1552134838.94001,NULL,3321,3321,6112,"2019-03-09 07:34:46",4173,
506,1552134838.94001,NULL,3327,3327,6112,"2019-03-09 07:34:55",9241,
507,1552134838.94001,NULL,3320,3320,6112,"2019-03-09 07:34:57",9135,
508,1552134838.94001,NULL,2219,2219,6112,"2019-03-09 07:35:02",9128,
509,1552134838.94001,NULL,3302,3302,6112,"2019-03-09 07:35:23",9106,
510,1552134838.94001,NULL,3331,3331,6112,"2019-03-09 07:35:26",9164,
511,1552134838.94001,NULL,2221,2221,6112,"2019-03-09 07:35:41",9084,
512,1552134838.94001,NULL,3332,3332,6112,"2019-03-09 07:35:47",9070,
513,1552134838.94001,NULL,2220,2220,6112,"2019-03-09 07:35:51",9071,
514,1552134838.94001,NULL,3330,3330,6112,"2019-03-09 07:36:00",9150,
515,1552134838.94001,NULL,3323,3323,6112,"2019-03-09 07:36:16",9061,
516,1552134838.94001,NULL,2215,2215,6112,"2019-03-09 07:36:34",9025,
517,1552134838.94001,NULL,12485261900,12485261900,6112,"2019-03-09 07:36:39",9024,
518,1552134838.94001,NULL,1106,1106,6112,"2019-03-09 07:37:16",9015,
519,1552134838.94001,NULL,2211,2211,6112,"2019-03-09 07:37:25",9015,
520,1552134838.94001,NULL,2210,2210,6112,"2019-03-09 08:10:10",7002,
521,1552134838.94001,NULL,3321,3321,6112,"2019-03-09 08:49:18",4282,
522,1552134838.94001,NULL,3324,3324,6112,"2019-03-09 10:00:18",405,
523,1552144622.94184,NULL,1113,1113,6112,"2019-03-09 10:17:03",43,
524,1552339525.97396,NULL,12488866256,12488866256,6114,"2019-03-11 17:25:26",NULL,T
525,1552404289.99307,NULL,18002669981,18002669981,6114,"2019-03-12 11:24:50",NULL,T
526,1552405518.99480,NULL,12483752705,12483752705,6114,"2019-03-12 11:45:19",NULL,T
527,1552405905.99502,NULL,12316295980,12316295980,6114,"2019-03-12 11:51:46",NULL,T
528,1552424759.101823,NULL,12482784568,12482784568,6114,"2019-03-12 17:06:00",NULL,T
529,1552485699.102812,NULL,12485582734,12485582734,6114,"2019-03-13 10:01:40",NULL,T
530,1552513152.106870,NULL,12482784432,12482784432,6114,"2019-03-13 17:39:13",NULL,T
531,1552579333.108995,NULL,15863152258,15863152258,6114,"2019-03-14 12:02:14",NULL,T
532,1552580095.109149,NULL,2210,2210,6112,"2019-03-14 12:14:56",200,
533,1552580095.109149,NULL,2219,2219,6112,"2019-03-14 12:16:48",69,
534,1552580095.109149,NULL,2218,2218,6112,"2019-03-14 12:16:59",57,
535,1552595222.110335,NULL,12317048881,12317048881,6114,"2019-03-14 16:27:03",NULL,T
536,1552663815.111985,NULL,15862102598,15862102598,6114,"2019-03-15 11:30:17",NULL,T
537,1552672173.112824,NULL,101,101,6112,"2019-03-15 13:50:19",NULL,T
538,1552674394.112921,NULL,12316496065,12316496065,6114,"2019-03-15 14:26:35",NULL,T
539,1552674744.112934,NULL,15862102600,15862102600,6114,"2019-03-15 14:32:25",NULL,T
540,1552677515.113042,NULL,19894156821,19894156821,6114,"2019-03-15 15:18:37",NULL,T
541,1552683248.113204,NULL,18105796380,18105796380,6114,"2019-03-15 16:54:09",NULL,T
542,1552765455.113660,NULL,18002669981,18002669981,6114,"2019-03-16 15:44:17",NULL,T
543,1552916651.114014,NULL,12488003817,12488003817,6114,"2019-03-18 09:44:13",NULL,T
544,1552925344.115178,NULL,15628606015,15628606015,6114,"2019-03-18 12:09:05",NULL,T
545,1552936737.115831,NULL,12127421471,12127421471,6114,"2019-03-18 15:18:59",NULL,T
546,1552936759.115832,NULL,12127421471,12127421471,6114,"2019-03-18 15:19:21",NULL,T
547,1552945465.116156,NULL,19895740446,19895740446,6114,"2019-03-18 17:44:26",NULL,T
548,1552945542.116157,NULL,15862176007,15862176007,6114,"2019-03-18 17:45:43",NULL,T
549,1553003562.116801,NULL,19162693418,19162693418,6114,"2019-03-19 09:52:43",NULL,T
550,1553010380.117566,NULL,15862102710,15862102710,6114,"2019-03-19 11:46:21",NULL,T
551,1553091022.119605,NULL,12482784081,12482784081,6114,"2019-03-20 10:10:24",NULL,T
552,1553175047.121807,NULL,+5862102685,+5862102685,6114,"2019-03-21 09:30:48",NULL,T
553,1553175162.121808,NULL,19162693418,19162693418,6114,"2019-03-21 09:32:43",NULL,T
554,1553176551.121842,NULL,3323,3323,6112,"2019-03-21 09:55:52",31,
555,1553176559.121843,NULL,3324,3324,6112,"2019-03-21 09:56:01",37,
556,1553176559.121843,NULL,3318,3318,6112,"2019-03-21 09:56:12",10,
557,1553191614.122592,NULL,15863316440,15863316440,6114,"2019-03-21 14:06:55",NULL,T
558,1553213410.123028,NULL,+1248733451,+1248733451,6114,"2019-03-21 20:10:11",NULL,T
559,1553242559.51,NULL,1113,1113,6112,"2019-03-22 04:16:00",NULL,T
560,1553242561.52,NULL,3319,3319,6112,"2019-03-22 04:16:02",2814,
561,1553242561.52,NULL,3332,3332,6112,"2019-03-22 04:16:23",2799,
562,1553242561.52,NULL,3326,3326,6112,"2019-03-22 04:16:25",2792,
563,1553242561.52,NULL,1113,1113,6112,"2019-03-22 04:16:53",2763,
564,1553242561.52,NULL,2222,2222,6112,"2019-03-22 04:17:33",2731,
565,1553242561.52,NULL,2219,2219,6112,"2019-03-22 04:18:00",2701,
566,1553242561.52,NULL,2210,2210,6112,"2019-03-22 04:18:42",2662,
567,1553242561.52,NULL,2215,2215,6112,"2019-03-22 04:19:49",2592,
568,1553242561.52,NULL,3314,3314,6112,"2019-03-22 04:25:04",2395,
569,1553261932.110,NULL,15863817255,15863817255,6114,"2019-03-22 09:38:54",NULL,T
570,1553277526.1631,NULL,15163797678,15163797678,6114,"2019-03-22 13:58:47",NULL,T
571,1553383425.2455,NULL,13136239892,13136239892,6114,"2019-03-23 19:23:47",NULL,T
572,1553523948.3307,NULL,18007874196,18007874196,6114,"2019-03-25 10:25:50",NULL,T
573,1553528825.3996,NULL,13137797752,13137797752,6114,"2019-03-25 11:47:06",NULL,T
574,1553528926.3999,NULL,Restricted,Restricted,6112,"2019-03-25 11:49:22",NULL,T
575,1553530703.4252,NULL,18435923170,18435923170,6114,"2019-03-25 12:18:25",NULL,T
576,1553546864.5018,NULL,18023970012,18023970012,6114,"2019-03-25 16:47:45",NULL,T
577,1553548908.5050,NULL,15863334211,15863334211,6114,"2019-03-25 17:21:49",NULL,T
578,1553598028.5365,NULL,16466666085,16466666085,6112,"2019-03-26 07:00:38",35,
579,1553605151.5553,NULL,12106169988,12106169988,6114,"2019-03-26 08:59:12",NULL,T
580,1553608604.5830,NULL,14805429546,14805429546,6114,"2019-03-26 09:56:46",NULL,T
581,1553614011.6409,NULL,13136082690,13136082690,6114,"2019-03-26 11:26:52",NULL,T
582,1553615475.6680,NULL,17345129856,17345129856,6114,"2019-03-26 11:51:17",NULL,T
583,1553624940.7201,NULL,15862102029,15862102029,6114,"2019-03-26 14:29:02",NULL,T
584,1553631709.7366,NULL,+1248733912,+1248733912,6114,"2019-03-26 16:21:50",NULL,T
585,1553702637.9011,NULL,15862102608,15862102608,6114,"2019-03-27 12:03:58",NULL,T
586,1553705445.9445,NULL,13136451268,13136451268,6114,"2019-03-27 12:50:47",NULL,T
587,1553706883.9591,NULL,+1248732866,+1248732866,6114,"2019-03-27 13:14:44",NULL,T
588,1553781578.10884,NULL,12482897876,12482897876,6114,"2019-03-28 09:59:39",NULL,T
589,1553787995.12008,NULL,12695331192,12695331192,6114,"2019-03-28 11:46:36",NULL,T
590,1553790450.12343,NULL,12187299812,12187299812,6114,"2019-03-28 12:27:30",NULL,T
591,1553795522.12643,NULL,+248739397,+248739397,6114,"2019-03-28 13:52:04",NULL,T
592,1553802177.13016,NULL,12487424446,12487424446,6114,"2019-03-28 15:42:59",NULL,T
593,1553865122.13874,NULL,15862176079,15862176079,6114,"2019-03-29 09:12:03",NULL,T
594,1553866317.13957,NULL,+1248731652,+1248731652,6114,"2019-03-29 09:31:58",NULL,T
595,1553874232.15083,NULL,15862581558,15862581558,6114,"2019-03-29 11:43:53",NULL,T
596,1553890705.15951,NULL,15863334207,15863334207,6114,"2019-03-29 16:18:26",NULL,T
597,1553956693.16421,NULL,2210,2210,6112,"2019-03-30 10:38:14",NULL,T
598,1553956714.16422,NULL,2210,2210,6112,"2019-03-30 10:38:35",21,
599,1554123749.17230,NULL,15862033700,15862033700,6114,"2019-04-01 09:02:30",NULL,T
600,1554143053.19450,NULL,13132160540,13132160540,6114,"2019-04-01 14:24:15",NULL,T
601,1554145141.19637,NULL,14806162243,14806162243,6114,"2019-04-01 14:59:02",NULL,T
602,1554145141.19636,NULL,14806162243,14806162243,6114,"2019-04-01 14:59:03",NULL,T
603,1554158577.19904,NULL,12483387999,12483387999,6114,"2019-04-01 18:42:59",NULL,T
604,1554217580.21247,NULL,15862501232,15862501232,6114,"2019-04-02 11:06:21",NULL,T
605,1554218581.21392,NULL,17344055357,17344055357,6114,"2019-04-02 11:23:03",NULL,T
606,1554236307.22518,NULL,12487332476,12487332476,6114,"2019-04-02 16:18:29",NULL,T
607,1554301596.23483,NULL,12065286000,12065286000,6114,"2019-04-03 10:26:37",NULL,T
608,1554301807.23571,NULL,12065286000,12065286000,6114,"2019-04-03 10:30:08",NULL,T
609,1554302040.23643,NULL,12065286000,12065286000,6114,"2019-04-03 10:34:01",NULL,T
610,1554304849.24396,NULL,12695518542,12695518542,6114,"2019-04-03 11:20:50",NULL,T
611,1554311364.25042,NULL,15863334216,15863334216,6114,"2019-04-03 13:09:25",NULL,T
612,1554312535.25235,NULL,12482373313,12482373313,6114,"2019-04-03 13:28:56",NULL,T
613,1554328546.26115,NULL,19069360580,19069360580,6114,"2019-04-03 17:55:48",NULL,T
614,1554385781.26870,NULL,+18557470010,+18557470010,6114,"2019-04-04 09:49:42",NULL,T
615,1554391293.27958,NULL,15865100351,15865100351,6114,"2019-04-04 11:21:34",NULL,T
616,1554405118.29042,NULL,15862033111,15862033111,6114,"2019-04-04 15:12:00",NULL,T
617,1554406650.29102,NULL,12484842454,12484842454,6114,"2019-04-04 15:37:32",NULL,T
618,1554416761.29262,NULL,12484842454,12484842454,6114,"2019-04-04 18:26:02",NULL,T
619,1554477567.30268,NULL,12313100427,12313100427,6114,"2019-04-05 11:19:28",NULL,T
620,1554480743.30605,NULL,15862102604,15862102604,6114,"2019-04-05 12:12:24",NULL,T
621,1554498726.31239,NULL,15862102574,15862102574,6114,"2019-04-05 17:12:07",NULL,T
622,1554502773.31303,NULL,12484842454,12484842454,6114,"2019-04-05 18:19:35",NULL,T
623,1554548590.31398,NULL,3324,3324,6112,"2019-04-06 07:03:12",6465,
624,1554548590.31398,NULL,3326,3326,6112,"2019-04-06 07:03:41",6494,
625,1554548590.31398,NULL,3332,3332,6112,"2019-04-06 07:03:55",6468,
626,1554548590.31398,NULL,3325,3325,6112,"2019-04-06 07:03:59",NULL,T
627,1554548590.31398,NULL,3325,3325,6112,"2019-04-06 07:04:28",6390,
628,1554548590.31398,NULL,3319,3319,6112,"2019-04-06 07:04:46",943,
629,1554548590.31398,NULL,3318,3318,6112,"2019-04-06 07:05:17",6488,
630,1554548590.31398,NULL,1113,1113,6112,"2019-04-06 07:05:36",6322,
631,1554548590.31398,NULL,3330,3330,6112,"2019-04-06 07:05:59",6440,
632,1554548590.31398,NULL,3321,3321,6112,"2019-04-06 07:05:59",6299,
633,1554548590.31398,NULL,3314,3314,6112,"2019-04-06 07:06:02",6336,
634,1554548590.31398,NULL,3331,3331,6112,"2019-04-06 07:06:28",6268,
635,1554548590.31398,NULL,2218,2218,6112,"2019-04-06 07:06:46",6249,
636,1554548590.31398,NULL,3302,3302,6112,"2019-04-06 07:06:49",NULL,T
637,1554548590.31398,NULL,2215,2215,6112,"2019-04-06 07:06:57",NULL,T
638,1554548590.31398,NULL,3302,3302,6112,"2019-04-06 07:07:04",NULL,T
639,1554548590.31398,NULL,2215,2215,6112,"2019-04-06 07:07:12",17,
640,1554548590.31398,NULL,2222,2222,6112,"2019-04-06 07:07:12",6228,
641,1554548590.31398,NULL,3302,3302,6112,"2019-04-06 07:07:31",6204,
642,1554548590.31398,NULL,2224,2224,6112,"2019-04-06 07:07:33",6207,
643,1554548590.31398,NULL,2215,2215,6112,"2019-04-06 07:07:39",6213,
644,1554548590.31398,NULL,2221,2221,6112,"2019-04-06 07:08:08",6169,
645,1554548590.31398,NULL,2213,2213,6112,"2019-04-06 07:08:10",6166,
646,1554548590.31398,NULL,2223,2223,6112,"2019-04-06 07:08:27",6184,
647,1554548590.31398,NULL,2219,2219,6112,"2019-04-06 07:08:50",6132,
648,1554548590.31398,NULL,2210,2210,6112,"2019-04-06 07:09:22",6093,
649,1554548590.31398,NULL,3323,3323,6112,"2019-04-06 07:16:10",NULL,T
650,1554548590.31398,NULL,3323,3323,6112,"2019-04-06 07:16:32",11,
651,1554548590.31398,NULL,3323,3323,6112,"2019-04-06 07:17:06",NULL,T
652,1554548590.31398,NULL,3323,3323,6112,"2019-04-06 07:17:24",5633,
653,1554548590.31398,NULL,12485261900,12485261900,6112,"2019-04-06 07:19:59",5451,
654,1554548590.31398,NULL,2211,2211,6112,"2019-04-06 07:20:38",5419,
655,1554548590.31398,NULL,3319,3319,6112,"2019-04-06 07:20:40",5417,
656,1554728650.31981,NULL,15862176066,15862176066,6114,"2019-04-08 09:04:11",NULL,T
657,1554730509.32093,NULL,15304479207,15304479207,6114,"2019-04-08 09:35:11",NULL,T
658,1554736990.33090,NULL,12484916771,12484916771,6114,"2019-04-08 11:23:11",NULL,T
659,1554749440.34286,NULL,12487338947,12487338947,6114,"2019-04-08 14:50:41",NULL,T
660,1554810917.35367,NULL,3330,3330,6112,"2019-04-09 07:55:18",22,
661,1554813576.35612,NULL,15172536396,15172536396,6114,"2019-04-09 08:39:37",NULL,T
662,1554822071.36691,NULL,3326,3326,6112,"2019-04-09 11:01:13",305,
663,1554822071.36692,NULL,3332,3332,6112,"2019-04-09 11:01:13",313,
664,1554822071.36692,NULL,3318,3318,6112,"2019-04-09 11:01:34",3509,
665,1554822071.36692,NULL,3320,3320,6112,"2019-04-09 11:02:15",3484,
666,1554822071.36692,NULL,3319,3319,6112,"2019-04-09 11:02:19",NULL,T
667,1554822071.36692,NULL,3319,3319,6112,"2019-04-09 11:02:28",3443,
668,1554822071.36692,NULL,3325,3325,6112,"2019-04-09 11:02:40",3434,
669,1554822071.36692,NULL,3302,3302,6112,"2019-04-09 11:03:11",NULL,T
670,1554822071.36692,NULL,3302,3302,6112,"2019-04-09 11:03:30",3381,
671,1554822071.36692,NULL,1113,1113,6112,"2019-04-09 11:04:30",3322,
672,1554822542.36799,NULL,15862008707,15862008707,6114,"2019-04-09 11:09:04",NULL,T
673,1554822071.36692,NULL,5004,5004,6112,"2019-04-09 11:11:07",2928,
674,1554822071.36692,NULL,3314,3314,6112,"2019-04-09 11:11:49",45,
675,1554822071.36692,NULL,3314,3314,6112,"2019-04-09 11:12:45",2835,
676,1554823313.36860,NULL,17348752380,17348752380,6114,"2019-04-09 11:21:55",NULL,T
677,1554833444.37523,NULL,19063799220,19063799220,6114,"2019-04-09 14:10:46",NULL,T
678,1554901684.38646,NULL,5004,5004,6112,"2019-04-10 09:08:06",138,
679,1554901684.38646,NULL,2211,2211,6112,"2019-04-10 09:08:31",106,
680,1554901684.38646,NULL,5001,5001,6112,"2019-04-10 09:10:07",18,
681,1554901826.38686,NULL,2211,2211,6112,"2019-04-10 09:10:27",NULL,T
682,1554901836.38687,NULL,2211,2211,6112,"2019-04-10 09:10:37",3278,
683,1554901845.38688,NULL,5004,5004,6112,"2019-04-10 09:10:47",3263,
684,1554901845.38688,NULL,5001,5001,6112,"2019-04-10 09:11:17",3234,
685,1554901845.38688,NULL,1113,1113,6112,"2019-04-10 09:14:02",3092,
686,1554902154.38701,NULL,+112487335358,+112487335358,6114,"2019-04-10 09:15:56",NULL,T
687,1554910456.39732,NULL,15862102766,15862102766,6114,"2019-04-10 11:34:18",NULL,T
688,1554913991.40172,NULL,19412327926,19412327926,6114,"2019-04-10 12:33:13",NULL,T
689,1554914302.40207,NULL,19412327926,19412327926,6114,"2019-04-10 12:38:23",NULL,T
690,1554917335.40343,NULL,19894618548,19894618548,6114,"2019-04-10 13:28:56",NULL,T
691,1554919796.40619,NULL,Anonymous,Anonymous,6114,"2019-04-10 14:09:57",NULL,T
692,1554921458.40711,NULL,15862008777,15862008777,6114,"2019-04-10 14:37:39",NULL,T
693,1554982465.41194,NULL,19412327926,19412327926,6114,"2019-04-11 07:34:26",NULL,T
694,1554982708.41204,NULL,19412327926,19412327926,6114,"2019-04-11 07:38:29",NULL,T
695,1554994442.41908,NULL,1113,1113,6112,"2019-04-11 10:54:04",12,
696,1554999252.42609,NULL,12484842454,12484842454,6114,"2019-04-11 12:14:13",NULL,T
697,1555000892.42751,NULL,13473055947,13473055947,6114,"2019-04-11 12:41:33",NULL,T
698,1555000892.42750,NULL,13473055947,13473055947,6114,"2019-04-11 12:41:33",NULL,T
699,1555009378.43265,NULL,14108719006,14108719006,6114,"2019-04-11 15:02:59",NULL,T
700,1555009738.43290,NULL,14108719006,14108719006,6114,"2019-04-11 15:09:00",NULL,T
701,1555010469.43381,NULL,14108719006,14108719006,6114,"2019-04-11 15:21:11",NULL,T
702,1555010830.43390,NULL,14108719006,14108719006,6114,"2019-04-11 15:27:12",NULL,T
703,1555012135.43589,NULL,14108719006,14108719006,6114,"2019-04-11 15:48:56",NULL,T
704,1555012495.43597,NULL,14108719006,14108719006,6114,"2019-04-11 15:54:57",NULL,T
705,1555013985.43635,NULL,14108719006,14108719006,6114,"2019-04-11 16:19:46",NULL,T
706,1555014346.43654,NULL,14108719006,14108719006,6114,"2019-04-11 16:25:47",NULL,T
707,1555015219.43744,NULL,15862102718,15862102718,6114,"2019-04-11 16:40:21",NULL,T
708,1555075911.44358,NULL,5004,5004,6112,"2019-04-12 09:31:51",NULL,T
709,1555075922.44359,NULL,3319,3319,6112,"2019-04-12 09:32:03",3825,
710,1555075922.44359,NULL,3318,3318,6112,"2019-04-12 09:32:18",3717,
711,1555075922.44359,NULL,3302,3302,6112,"2019-04-12 09:32:19",3713,
712,1555075922.44359,NULL,1113,1113,6112,"2019-04-12 09:32:19",NULL,T
713,1555075922.44359,NULL,3325,3325,6112,"2019-04-12 09:32:25",3708,
714,1555075922.44359,NULL,5004,5004,6112,"2019-04-12 09:32:27",3704,
715,1555075922.44359,NULL,1113,1113,6112,"2019-04-12 09:32:28",3701,
716,1555075922.44359,NULL,3314,3314,6112,"2019-04-12 09:32:34",3705,
717,1555075922.44359,NULL,3324,3324,6112,"2019-04-12 09:56:39",NULL,T
718,1555081712.44576,NULL,15862176169,15862176169,6114,"2019-04-12 11:08:33",NULL,T
719,1555082379.44650,NULL,18106430139,18106430139,6114,"2019-04-12 11:19:40",NULL,T
720,1555160969.45903,NULL,2218,2218,6112,"2019-04-13 09:09:31",24,
721,1555160994.45907,NULL,2210,2210,6112,"2019-04-13 09:09:55",NULL,T
722,1555161004.45908,NULL,2218,2218,6112,"2019-04-13 09:10:06",107,
723,1555161118.45912,NULL,2210,2210,6112,"2019-04-13 09:11:59",27,
724,1555166221.45917,NULL,12137709997,12137709997,6114,"2019-04-13 10:37:02",NULL,T
725,1555166221.45916,NULL,12137709997,12137709997,6114,"2019-04-13 10:37:02",NULL,T
726,1555428027.50673,NULL,18102275813,18102275813,6114,"2019-04-16 11:20:28",NULL,T
727,1555430098.51033,NULL,15863294835,15863294835,6114,"2019-04-16 11:55:00",NULL,T
728,1555433853.51491,NULL,14108719006,14108719006,6114,"2019-04-16 12:57:35",NULL,T
729,1555433888.51492,NULL,14108719006,14108719006,6114,"2019-04-16 12:58:10",NULL,T
730,1555433944.51497,NULL,14108719006,14108719006,6114,"2019-04-16 12:59:05",NULL,T
731,1555434305.51513,NULL,14108719006,14108719006,6114,"2019-04-16 13:05:06",NULL,T
732,1555435606.51621,NULL,13473055947,13473055947,6114,"2019-04-16 13:26:47",NULL,T
733,1555435606.51622,NULL,13473055947,13473055947,6114,"2019-04-16 13:26:47",NULL,T
734,1555436673.51656,NULL,14108719006,14108719006,6114,"2019-04-16 13:44:34",NULL,T
735,1555436951.51690,NULL,14108719006,14108719006,6114,"2019-04-16 13:49:12",NULL,T
736,1555437034.51694,NULL,14108719006,14108719006,6114,"2019-04-16 13:50:36",NULL,T
737,1555437085.51702,NULL,14108719004,14108719004,6114,"2019-04-16 13:51:27",NULL,T
738,1555437310.51718,NULL,14108719006,14108719006,6114,"2019-04-16 13:55:12",NULL,T
739,1555440858.52007,NULL,15862215820,15862215820,6114,"2019-04-16 14:54:19",NULL,T
740,1555508205.53286,NULL,13132434894,13132434894,6114,"2019-04-17 09:36:46",NULL,T
741,1555512344.53789,NULL,18009001370,18009001370,6114,"2019-04-17 10:45:45",NULL,T
742,1555516758.54598,NULL,12484342558,12484342558,6112,"2019-04-17 11:59:24",NULL,T
743,1555533680.55581,NULL,16167278493,16167278493,6114,"2019-04-17 16:41:21",NULL,T
744,1555582558.55806,NULL,3329,3329,6112,"2019-04-18 06:15:59",5428,
745,1555582558.55806,NULL,3334,3334,6112,"2019-04-18 06:16:26",5337,
746,1555582558.55806,NULL,3335,3335,6112,"2019-04-18 06:16:52",5312,
747,1555582558.55806,NULL,3320,3320,6112,"2019-04-18 06:17:24",5277,
748,1555582558.55806,NULL,3331,3331,6112,"2019-04-18 06:17:56",26,
749,1555582558.55806,NULL,3331,3331,6112,"2019-04-18 06:18:31",5208,
750,1555582558.55806,NULL,1113,1113,6112,"2019-04-18 06:19:26",5153,
751,1555582558.55806,NULL,3321,3321,6112,"2019-04-18 06:21:47",5013,
752,1555582558.55806,NULL,2213,2213,6112,"2019-04-18 06:23:38",4902,
753,1555582558.55806,NULL,2223,2223,6112,"2019-04-18 06:32:45",4358,
754,1555582558.55806,NULL,2222,2222,6112,"2019-04-18 06:32:51",4353,
755,1555582558.55806,NULL,2210,2210,6112,"2019-04-18 06:42:16",3783,
756,1555593991.56043,NULL,1142,1142,6112,"2019-04-18 09:26:32",20,
757,1555602183.57085,NULL,19897266952,19897266952,6114,"2019-04-18 11:43:04",NULL,T
758,1555624075.58430,NULL,13612888759,13612888759,6114,"2019-04-18 17:47:56",NULL,T
759,1555678942.58846,NULL,12672034080,12672034080,6114,"2019-04-19 09:02:23",NULL,T
760,1555678942.58845,NULL,12672034080,12672034080,6114,"2019-04-19 09:02:23",NULL,T
761,1555684941.59301,NULL,+1248735675,+1248735675,6114,"2019-04-19 10:42:22",NULL,T
762,1555705145.60869,NULL,12316660543,12316660543,6114,"2019-04-19 16:19:06",NULL,T
763,1555757898.61006,NULL,1113,1113,6112,"2019-04-20 06:58:20",7031,
764,1555757898.61006,NULL,3326,3326,6112,"2019-04-20 06:58:38",374,
765,1555757898.61006,NULL,3319,3319,6112,"2019-04-20 06:59:17",15,
766,1555757898.61006,NULL,3334,3334,6112,"2019-04-20 07:01:10",NULL,T
767,1555757898.61006,NULL,3335,3335,6112,"2019-04-20 07:01:13",46,
768,1555757898.61006,NULL,3334,3334,6112,"2019-04-20 07:01:25",6846,
769,1555757898.61006,NULL,3320,3320,6112,"2019-04-20 07:01:27",NULL,T
770,1555757898.61006,NULL,3329,3329,6112,"2019-04-20 07:01:53",22,
771,1555757898.61006,NULL,3335,3335,6112,"2019-04-20 07:02:06",6787,
772,1555757898.61006,NULL,3320,3320,6112,"2019-04-20 07:02:10",118,
773,1555757898.61006,NULL,3329,3329,6112,"2019-04-20 07:02:23",6774,
774,1555757898.61006,NULL,3321,3321,6112,"2019-04-20 07:03:44",6704,
775,1555757898.61006,NULL,3314,3314,6112,"2019-04-20 07:03:51",535,
776,1555757898.61006,NULL,3319,3319,6112,"2019-04-20 07:03:52",471,
777,1555757898.61006,NULL,3323,3323,6112,"2019-04-20 07:04:08",6773,
778,1555757898.61006,NULL,3331,3331,6112,"2019-04-20 07:04:12",6676,
779,1555757898.61006,NULL,3327,3327,6112,"2019-04-20 07:04:18",6673,
780,1555757898.61006,NULL,3320,3320,6112,"2019-04-20 07:04:49",6627,
781,1555757898.61006,NULL,3326,3326,6112,"2019-04-20 07:05:01",6637,
782,1555757898.61006,NULL,12485261900,12485261900,6112,"2019-04-20 07:10:52",6264,
783,1555757898.61006,NULL,2210,2210,6112,"2019-04-20 07:11:26",6227,
784,1555757898.61006,NULL,2219,2219,6112,"2019-04-20 07:11:33",6222,
785,1555757898.61006,NULL,2222,2222,6112,"2019-04-20 07:11:55",6205,
786,1555757898.61006,NULL,2213,2213,6112,"2019-04-20 07:12:08",6189,
787,1555757898.61006,NULL,3319,3319,6112,"2019-04-20 07:12:10",6184,
788,1555757898.61006,NULL,3302,3302,6112,"2019-04-20 07:12:15",6181,
789,1555757898.61006,NULL,2223,2223,6112,"2019-04-20 07:12:24",6172,
790,1555757898.61006,NULL,2211,2211,6112,"2019-04-20 07:12:58",6136,
791,1555757898.61006,NULL,3314,3314,6112,"2019-04-20 07:13:10",6142,
792,1555757898.61006,NULL,2221,2221,6112,"2019-04-20 07:13:30",NULL,T
793,1555757898.61006,NULL,2220,2220,6112,"2019-04-20 07:13:31",6104,
794,1555757898.61006,NULL,2221,2221,6112,"2019-04-20 07:13:42",6095,
795,1555757898.61006,NULL,2224,2224,6112,"2019-04-20 07:13:47",6089,
796,1555757898.61006,NULL,1141,1141,6112,"2019-04-20 07:14:24",6050,
797,1555757898.61006,NULL,3330,3330,6112,"2019-04-20 07:29:30",5341,
798,1555938644.62105,NULL,15862102766,15862102766,6114,"2019-04-22 09:10:45",NULL,T
799,1555947010.62972,NULL,+1248735280,+1248735280,6114,"2019-04-22 11:30:12",NULL,T
800,1555948853.63150,NULL,17343491963,17343491963,6114,"2019-04-22 12:00:54",NULL,T
801,1555950122.63286,NULL,18009001370,18009001370,6114,"2019-04-22 12:22:03",NULL,T
802,1556017687.64699,NULL,3314,3314,6112,"2019-04-23 07:08:09",NULL,T
803,1556017698.64700,NULL,3331,3331,6112,"2019-04-23 07:08:20",19,
804,1556018077.64716,NULL,3324,3324,6112,"2019-04-23 07:14:39",116,
805,1556018084.64717,NULL,3321,3321,6112,"2019-04-23 07:14:46",12,
806,1556047510.67301,NULL,+1248737653,+1248737653,6114,"2019-04-23 15:25:12",NULL,T
807,1556053410.67556,NULL,12487334945,12487334945,6114,"2019-04-23 17:03:31",NULL,T
808,1556054633.67569,NULL,12693593368,12693593368,6114,"2019-04-23 17:23:54",NULL,T
809,1556116174.68704,NULL,12487546011,12487546011,6114,"2019-04-24 10:29:35",NULL,T
810,1556134367.70630,NULL,12488529242,12488529242,6114,"2019-04-24 15:32:48",NULL,T
811,1556206476.72604,NULL,18653662762,18653662762,6114,"2019-04-25 11:34:37",NULL,T
812,1556286894.74580,NULL,19063790092,19063790092,6114,"2019-04-26 09:54:55",NULL,T
813,1556289794.74834,NULL,+11248738364,+11248738364,6114,"2019-04-26 10:43:16",NULL,T
814,1556293983.75358,NULL,18009001370,18009001370,6114,"2019-04-26 11:53:05",NULL,T
815,1556301758.76218,NULL,13017667830,13017667830,6114,"2019-04-26 14:02:39",NULL,T
816,1556362923.76770,NULL,2211,2211,6112,"2019-04-27 07:02:04",3924,
817,1556362931.76771,NULL,1106,1106,6112,"2019-04-27 07:02:13",3915,
818,1556362931.76771,NULL,2210,2210,6112,"2019-04-27 07:02:39",3889,
819,1556362931.76771,NULL,2221,2221,6112,"2019-04-27 07:02:41",6195,
820,1556362931.76771,NULL,3324,3324,6112,"2019-04-27 07:03:11",6249,
821,1556362931.76771,NULL,2219,2219,6112,"2019-04-27 07:03:12",6157,
822,1556362931.76771,NULL,2222,2222,6112,"2019-04-27 07:03:13",3855,
823,1556362931.76771,NULL,2224,2224,6112,"2019-04-27 07:03:14",6158,
824,1556362931.76771,NULL,2225,2225,6112,"2019-04-27 07:03:18",6154,
825,1556362931.76771,NULL,2223,2223,6112,"2019-04-27 07:03:29",6143,
826,1556362931.76771,NULL,2220,2220,6112,"2019-04-27 07:03:38",6134,
827,1556362931.76771,NULL,3319,3319,6112,"2019-04-27 07:03:39",6189,
828,1556362931.76771,NULL,3326,3326,6112,"2019-04-27 07:03:40",202,
829,1556362931.76771,NULL,3332,3332,6112,"2019-04-27 07:03:46",NULL,T
830,1556362931.76771,NULL,3332,3332,6112,"2019-04-27 07:04:08",6167,
831,1556362931.76771,NULL,3321,3321,6112,"2019-04-27 07:04:15",6147,
832,1556362931.76771,NULL,3323,3323,6112,"2019-04-27 07:04:33",6152,
833,1556362931.76771,NULL,3325,3325,6112,"2019-04-27 07:04:33",3908,
834,1556362931.76771,NULL,3331,3331,6112,"2019-04-27 07:04:37",246,
835,1556362931.76771,NULL,3318,3318,6112,"2019-04-27 07:04:37",6165,
836,1556362931.76771,NULL,3327,3327,6112,"2019-04-27 07:04:39",6149,
837,1556362931.76771,NULL,3314,3314,6112,"2019-04-27 07:04:39",6127,
838,1556362931.76771,NULL,3302,3302,6112,"2019-04-27 07:04:42",6140,
839,1556362931.76771,NULL,12485261900,12485261900,6112,"2019-04-27 07:04:54",6070,
840,1556362931.76771,NULL,2213,2213,6112,"2019-04-27 07:05:36",6014,
841,1556362931.76771,NULL,5001,5001,6112,"2019-04-27 07:06:28",6575,
842,1556362931.76771,NULL,3326,3326,6112,"2019-04-27 07:07:12",5991,
843,1556362931.76771,NULL,3331,3331,6112,"2019-04-27 07:09:02",5818,
844,1556362931.76771,NULL,3330,3330,6112,"2019-04-27 07:12:42",5831,
845,1556362931.76771,NULL,2210,2210,6112,"2019-04-27 08:08:15",NULL,T
846,1556362931.76771,NULL,2222,2222,6112,"2019-04-27 08:08:36",2236,
847,1556362931.76771,NULL,2210,2210,6112,"2019-04-27 08:09:08",NULL,T
848,1556362931.76771,NULL,2211,2211,6112,"2019-04-27 08:09:09",2208,
849,1556362931.76771,NULL,1106,1106,6112,"2019-04-27 08:09:24",2190,
850,1556362931.76771,NULL,2210,2210,6112,"2019-04-27 08:09:34",NULL,T
851,1556362931.76771,NULL,2210,2210,6112,"2019-04-27 08:09:51",17,
852,1556362931.76771,NULL,3325,3325,6112,"2019-04-27 08:09:53",2191,
853,1556362931.76771,NULL,2210,2210,6112,"2019-04-27 08:10:49",2095,
854,1556362931.76771,NULL,1113,1113,6112,"2019-04-27 08:22:11",452,
855,1556531483.77060,NULL,3320,3320,6112,"2019-04-29 05:51:24",NULL,T
856,1556553425.78718,NULL,13372831106,13372831106,6114,"2019-04-29 11:57:07",NULL,T
857,1556557650.79168,NULL,12487336558,12487336558,6114,"2019-04-29 13:07:31",NULL,T
858,1556559857.79337,NULL,12488029035,12488029035,6114,"2019-04-29 13:44:18",NULL,T
859,1556567040.79776,NULL,+248731959,+248731959,6114,"2019-04-29 15:44:01",NULL,T
860,1556578862.79841,NULL,17343203484,17343203484,6114,"2019-04-29 19:01:03",NULL,T
861,1556578957.79842,NULL,15865309087,15865309087,6114,"2019-04-29 19:02:38",NULL,T
862,1556625134.80208,NULL,18655460256,18655460256,6114,"2019-04-30 07:52:15",NULL,T
863,1556625490.80217,NULL,18655460256,18655460256,6114,"2019-04-30 07:58:12",NULL,T
864,1556634619.80947,NULL,3318,3318,6112,"2019-04-30 10:30:20",2017,
865,1556634625.80948,NULL,3320,3320,6112,"2019-04-30 10:30:27",2005,
866,1556634630.80959,NULL,3327,3327,6112,"2019-04-30 10:30:31",2008,
867,1556634630.80959,NULL,3321,3321,6112,"2019-04-30 10:30:39",NULL,T
868,1556634630.80959,NULL,3331,3331,6112,"2019-04-30 10:30:39",1994,
869,1556634630.80959,NULL,3329,3329,6112,"2019-04-30 10:30:46",NULL,T
870,1556634630.80959,NULL,3314,3314,6112,"2019-04-30 10:30:54",1982,
871,1556634630.80959,NULL,3321,3321,6112,"2019-04-30 10:30:57",1977,
872,1556634630.80959,NULL,3325,3325,6112,"2019-04-30 10:31:00",1970,
873,1556634630.80959,NULL,3324,3324,6112,"2019-04-30 10:31:02",1969,
874,1556634630.80959,NULL,3302,3302,6112,"2019-04-30 10:31:02",1969,
875,1556634630.80959,NULL,3319,3319,6112,"2019-04-30 10:31:08",NULL,T
876,1556634630.80959,NULL,3329,3329,6112,"2019-04-30 10:31:10",NULL,T
877,1556634630.80959,NULL,3323,3323,6112,"2019-04-30 10:31:12",1966,
878,1556634630.80959,NULL,3330,3330,6112,"2019-04-30 10:31:17",2030,
879,1556634630.80959,NULL,3319,3319,6112,"2019-04-30 10:31:18",1960,
880,1556634630.80959,NULL,1113,1113,6112,"2019-04-30 10:31:29",769,
881,1556634630.80959,NULL,3329,3329,6112,"2019-04-30 10:31:36",1333,
882,1556634630.80959,NULL,3326,3326,6112,"2019-04-30 10:31:45",1938,
883,1556634630.80959,NULL,3332,3332,6112,"2019-04-30 10:32:26",1889,
884,1556634630.80959,NULL,3329,3329,6112,"2019-04-30 10:54:04",590,
885,1556640969.81622,NULL,18009001370,18009001370,6114,"2019-04-30 12:16:10",NULL,T
886,1556645975.81927,NULL,14062277438,14062277438,6114,"2019-04-30 13:39:36",NULL,T
887,1556653121.82360,NULL,19733283350,19733283350,6114,"2019-04-30 15:38:42",NULL,T
888,1556717383.83371,NULL,17349817541,17349817541,6114,"2019-05-01 09:29:44",NULL,T
889,1556738019.85230,NULL,19475221725,19475221725,6114,"2019-05-01 15:13:40",NULL,T
890,1556804422.86196,NULL,1114,1114,6112,"2019-05-02 09:40:24",1415,
891,1556804424.86197,NULL,5001,5001,6112,"2019-05-02 09:40:25",1410,
892,1556804431.86209,NULL,1106,1106,6112,"2019-05-02 09:40:32",1406,
893,1556804431.86209,NULL,5004,5004,6112,"2019-05-02 09:40:42",1320,
894,1556804431.86209,NULL,1103,1103,6112,"2019-05-02 09:41:30",1388,
895,1556804431.86209,NULL,1113,1113,6112,"2019-05-02 09:41:37",1342,
896,1556884543.88888,NULL,1113,1113,6112,"2019-05-03 07:55:44",NULL,T
897,1556891334.89251,NULL,13254395480,13254395480,6114,"2019-05-03 09:48:55",NULL,T
898,1556891334.89250,NULL,13254395480,13254395480,6114,"2019-05-03 09:48:55",NULL,T
899,1556905711.91247,NULL,18102020843,18102020843,6114,"2019-05-03 13:48:32",NULL,T
900,1556905737.91249,NULL,18102020843,18102020843,6114,"2019-05-03 13:48:59",NULL,T
901,1556905759.91258,NULL,18102020843,18102020843,6114,"2019-05-03 13:49:20",NULL,T
902,1556905817.91266,NULL,18102020843,18102020843,6114,"2019-05-03 13:50:18",NULL,T
903,1556920077.91861,NULL,12524455379,12524455379,6114,"2019-05-03 17:47:58",NULL,T
904,1556967524.92115,NULL,2221,2221,6112,"2019-05-04 06:58:45",1431,
905,1556967524.92116,NULL,2220,2220,6112,"2019-05-04 06:58:46",1430,
906,1556967530.92117,NULL,2224,2224,6112,"2019-05-04 06:58:52",1428,
907,1556967530.92117,NULL,2211,2211,6112,"2019-05-04 06:59:31",2761,
908,1556967530.92117,NULL,3324,3324,6112,"2019-05-04 07:15:41",346,
909,1556986548.92375,NULL,18009001370,18009001370,6114,"2019-05-04 12:15:49",NULL,T
910,1557134777.92581,NULL,1113,1113,6112,"2019-05-06 05:26:19",NULL,T
911,1557134777.92579,NULL,3320,1113,6112,"2019-05-06 05:26:23",62,
912,1557152894.93966,NULL,2221,2221,6112,"2019-05-06 10:28:15",2476,
913,1557152897.93967,NULL,2220,2220,6112,"2019-05-06 10:28:18",2472,
914,1557152900.93968,NULL,2224,2224,6112,"2019-05-06 10:28:21",NULL,T
915,1557152900.93968,NULL,2211,2211,6112,"2019-05-06 10:28:34",2456,
916,1557152900.93968,NULL,2224,2224,6112,"2019-05-06 10:28:41",2451,
917,1557152900.93968,NULL,4404,4404,6112,"2019-05-06 10:29:29",2442,
918,1557152900.93968,NULL,5004,5004,6112,"2019-05-06 10:31:02",2306,
919,1557155782.94612,NULL,3320,3320,6112,"2019-05-06 11:16:23",2028,
920,1557155790.94615,NULL,3329,3329,6112,"2019-05-06 11:16:31",2060,
921,1557155790.94616,NULL,3325,3325,6112,"2019-05-06 11:16:31",2017,
922,1557155790.94616,NULL,3323,3323,6112,"2019-05-06 11:16:43",2005,
923,1557155790.94616,NULL,3318,3318,6112,"2019-05-06 11:16:43",2003,
924,1557155790.94616,NULL,3327,3327,6112,"2019-05-06 11:16:51",2001,
925,1557155790.94616,NULL,3321,3321,6112,"2019-05-06 11:16:52",1230,
926,1557155790.94616,NULL,3314,3314,6112,"2019-05-06 11:17:06",NULL,T
927,1557155790.94616,NULL,3302,3302,6112,"2019-05-06 11:18:19",1912,
928,1557155790.94616,NULL,1113,1113,6112,"2019-05-06 11:19:08",1854,
929,1557155790.94616,NULL,3331,3331,6112,"2019-05-06 11:37:52",735,
930,1557160615.95145,NULL,12484743000,12484743000,6114,"2019-05-06 12:36:57",NULL,T
931,1557182973.96162,NULL,14132061972,14132061972,6114,"2019-05-06 18:49:34",NULL,T
932,1557244261.98509,NULL,19314866436,19314866436,6114,"2019-05-07 11:51:03",NULL,T
933,1557252241.99307,NULL,12672034080,12672034080,6114,"2019-05-07 14:04:03",NULL,T
934,1557262382.99736,NULL,12485882342,12485882342,6114,"2019-05-07 16:53:03",NULL,T
935,1557300175.99823,NULL,1113,1113,6112,"2019-05-08 03:22:56",217,
936,1557300175.99823,NULL,3320,1113,6112,"2019-05-08 03:23:31",NULL,T
937,1557300175.99823,NULL,6112,1113,6112,"2019-05-08 03:23:34",36,
938,1557300175.99823,NULL,6112,1113,6112,"2019-05-08 03:23:49",16,
939,1557300175.99823,NULL,6112,1113,6112,"2019-05-08 03:24:52",111,
940,1557300175.99823,NULL,6112,1113,6112,"2019-05-08 03:25:01",53,
941,1557307383.99977,NULL,1113,1113,6112,"2019-05-08 05:23:04",59,
942,1557325683.101138,NULL,12482376099,12482376099,6114,"2019-05-08 10:28:04",NULL,T
943,1557331066.102139,NULL,18009001370,18009001370,6114,"2019-05-08 11:57:47",NULL,T
944,1557341606.103030,NULL,12487334694,12487334694,6114,"2019-05-08 14:53:27",NULL,T
945,1557415525.105148,NULL,18435923170,18435923170,6114,"2019-05-09 11:25:26",NULL,T
946,1557415737.105196,NULL,12482434076,12482434076,6114,"2019-05-09 11:28:59",NULL,T
947,1557426903.106093,NULL,12482434076,12482434076,6114,"2019-05-09 14:35:05",NULL,T
948,1557427937.106336,NULL,18102281838,18102281838,6114,"2019-05-09 14:52:19",NULL,T
949,1557503359.108672,NULL,12313602906,12313602906,6114,"2019-05-10 11:49:20",NULL,T
950,1557509946.109183,NULL,12482434076,12482434076,6114,"2019-05-10 13:39:07",NULL,T
951,1557572304.109892,NULL,3324,3324,6112,"2019-05-11 06:58:26",144,
952,1557572304.109892,NULL,3318,3318,6112,"2019-05-11 06:59:13",97,
953,1557572304.109892,NULL,3323,3323,6112,"2019-05-11 06:59:23",87,
954,1557572304.109892,NULL,3325,3325,6112,"2019-05-11 06:59:38",456,
955,1557572304.109892,NULL,3302,3302,6112,"2019-05-11 06:59:38",16,
956,1557572304.109892,NULL,3320,3320,6112,"2019-05-11 06:59:48",18,
957,1557572304.109892,NULL,3327,3327,6112,"2019-05-11 06:59:48",NULL,T
958,1557572304.109892,NULL,3321,3321,6112,"2019-05-11 06:59:50",NULL,T
959,1557572304.109892,NULL,3321,3321,6112,"2019-05-11 07:00:12",404,
960,1557572304.109892,NULL,3314,3314,6112,"2019-05-11 07:00:28",432,
961,1557572304.109892,NULL,3327,3327,6112,"2019-05-11 07:00:32",427,
962,1557572304.109892,NULL,3330,3330,6112,"2019-05-11 07:00:43",7512,
963,1557572304.109892,NULL,3320,3320,6112,"2019-05-11 07:02:08",8582,
964,1557572304.109892,NULL,4405,4405,6112,"2019-05-11 07:02:12",7338,
965,1557572535.109933,NULL,2215,2215,6114,"2019-05-11 07:02:17",NULL,T
966,1557572304.109892,NULL,3329,3329,6112,"2019-05-11 07:02:20",8572,
967,1557572304.109892,NULL,2220,2220,6112,"2019-05-11 07:02:29",8547,
968,1557572304.109892,NULL,2221,2221,6112,"2019-05-11 07:02:34",8544,
969,1557572304.109892,NULL,2215,2215,6112,"2019-05-11 07:02:45",21,
970,1557572304.109892,NULL,2211,2211,6112,"2019-05-11 07:03:26",8500,
971,1557572304.109892,NULL,5001,5001,6112,"2019-05-11 07:03:37",8608,
972,1557572304.109892,NULL,1106,1106,6112,"2019-05-11 07:03:50",8474,
973,1557572304.109892,NULL,2210,2210,6112,"2019-05-11 07:04:27",8434,
974,1557572304.109892,NULL,3323,3323,6112,"2019-05-11 07:04:34",NULL,T
975,1557572304.109892,NULL,6006,6006,6112,"2019-05-11 07:04:34",8424,
976,1557572304.109892,NULL,2225,2225,6112,"2019-05-11 07:04:43",8424,
977,1557572304.109892,NULL,2215,2215,6112,"2019-05-11 07:04:49",8451,
978,1557572304.109892,NULL,2223,2223,6112,"2019-05-11 07:05:01",8402,
979,1557572304.109892,NULL,3323,3323,6112,"2019-05-11 07:05:05",196,
980,1557572304.109892,NULL,6005,6005,6112,"2019-05-11 07:05:08",8388,
981,1557572304.109892,NULL,3318,3318,6112,"2019-05-11 07:05:22",128,
982,1557572304.109892,NULL,2222,2222,6112,"2019-05-11 07:05:28",8379,
983,1557572304.109892,NULL,3302,3302,6112,"2019-05-11 07:05:47",125,
984,1557572304.109892,NULL,3325,3325,6112,"2019-05-11 07:06:03",NULL,T
985,1557572304.109892,NULL,2219,2219,6112,"2019-05-11 07:06:29",189,
986,1557572304.109892,NULL,3321,3321,6112,"2019-05-11 07:06:48",8422,
987,1557572304.109892,NULL,3325,3325,6112,"2019-05-11 07:06:54",8297,
988,1557572304.109892,NULL,3318,3318,6112,"2019-05-11 07:06:57",8412,
989,1557572304.109892,NULL,3324,3324,6112,"2019-05-11 07:06:57",NULL,T
990,1557572304.109892,NULL,3323,3323,6112,"2019-05-11 07:07:03",8407,
991,1557572304.109892,NULL,3319,3319,6112,"2019-05-11 07:07:03",NULL,T
992,1557572304.109892,NULL,3324,3324,6112,"2019-05-11 07:07:09",8400,
993,1557572304.109892,NULL,3319,3319,6112,"2019-05-11 07:07:13",8264,
994,1557572304.109892,NULL,3314,3314,6112,"2019-05-11 07:07:25",8386,
995,1557572304.109892,NULL,3332,3332,6112,"2019-05-11 07:07:26",8392,
996,1557572304.109892,NULL,3327,3327,6112,"2019-05-11 07:07:35",8380,
997,1557572304.109892,NULL,3302,3302,6112,"2019-05-11 07:07:39",10,
998,1557572304.109892,NULL,3302,3302,6112,"2019-05-11 07:07:57",8286,
999,1557572304.109892,NULL,3326,3326,6112,"2019-05-11 07:07:59",8325,
1000,1557572304.109892,NULL,3331,3331,6112,"2019-05-11 07:09:25",8148,
